User Id,Date,SKU
311DBC84,10/11/2017,178394
2B1F305E,10/1/2017,214049
5429C2C,10/9/2017,178735
284FACC4,10/28/2017,217190
28CC59,8/11/2017,141740
11F7D29D,8/15/2017,194505
2B146FCD,9/15/2017,145748
C348799,10/6/2017,223062
27533A35,9/12/2017,186796
31C49845,12/23/2017,186064
359281D8,10/21/2017,145332
379E2754,12/2/2017,137551
950260A,12/12/2017,183306
163E64D,11/16/2017,221278
3403ADF5,9/16/2017,143768
1F71C97,11/9/2017,151661
3A189875,12/18/2017,181450
2C64805E,11/28/2017,186064
239C2664,8/7/2017,223062
26DF7F98,12/13/2017,138907
314E2CB7,11/17/2017,143768
377FF940,8/9/2017,162348
3EDE744,11/14/2017,198742
17C7366C,11/4/2017,145748
642AACF,10/24/2017,166408
37F00BA3,9/3/2017,135119
22ED0EB8,10/24/2017,214049
2AD58498,9/16/2017,148301
15726E62,10/24/2017,145748
19D3E019,11/21/2017,131559
3882A39A,12/3/2017,169942
33A7713B,10/28/2017,176256
26E3192F,12/19/2017,150031
1746E431,11/6/2017,187907
27768253,12/9/2017,145748
2532DC8C,11/9/2017,187907
943CADB,11/24/2017,157310
9345571,9/7/2017,166408
3AE54710,11/15/2017,138907
2E3B8447,11/20/2017,173025
11F7D29D,9/30/2017,151661
7387B25,11/27/2017,148301
1438626E,11/22/2017,158770
2CE0AC1C,12/9/2017,181450
1F23BB58,8/14/2017,225315
584F14B,10/4/2017,151661
36DA9D80,9/25/2017,169942
858950C,10/1/2017,128697
284C930C,12/9/2017,194505
223195DD,10/21/2017,184019
32A1BE1D,10/21/2017,222124
23D7AAE7,9/25/2017,193499
26C2EE87,12/10/2017,186796
14DF93FF,9/28/2017,200172
36075517,8/19/2017,217190
2D2C9865,8/26/2017,186064
351E02CE,10/30/2017,141861
2B468D17,8/27/2017,223062
2E336EE0,10/21/2017,147552
2C2555BA,12/12/2017,153716
1E581FD7,10/19/2017,183306
26C2EE87,12/2/2017,178394
24958B97,12/31/2017,138907
239C2664,11/25/2017,142089
203DF735,12/15/2017,142089
1608F729,9/16/2017,158770
28D41F65,11/27/2017,147552
2DEFA40B,11/6/2017,213228
1AF9127B,12/22/2017,158319
1A6F5AC5,11/16/2017,167688
22EFE04B,12/2/2017,179521
21E2F385,12/1/2017,173025
2BD8ED61,8/7/2017,182555
DD26571,10/23/2017,162348
35A39C08,12/15/2017,122451
16456D69,11/23/2017,157310
16A9244A,10/19/2017,150031
264E5840,9/21/2017,185847
539D303,11/19/2017,158770
320A5CF1,8/20/2017,212118
31485211,10/31/2017,150031
1A42A971,9/25/2017,162348
33CAFD26,8/27/2017,191308
F72CF63,8/6/2017,166102
1BFBCEFB,8/7/2017,204552
374E77C6,8/30/2017,173982
2FC9B37F,10/7/2017,183306
1EB7FCA6,8/14/2017,186064
33A7713B,10/29/2017,155500
25B8D565,12/1/2017,186796
284C930C,12/4/2017,213228
6DC73A9,9/3/2017,212118
1078F17D,8/31/2017,195053
1FD4A2B5,12/8/2017,184019
342112E,9/18/2017,213702
16AAE594,9/4/2017,176256
3B55150D,12/31/2017,143768
264BCFBA,11/23/2017,145748
D98F73A,8/31/2017,141740
36ECD302,10/15/2017,151661
B48B84,10/14/2017,213228
1C907AB8,8/28/2017,191373
29246CC5,12/13/2017,202579
2E8A648C,12/6/2017,137072
8E17631,12/24/2017,221278
25C87F1D,12/11/2017,173982
1761DDE6,9/25/2017,186064
36723E6F,8/23/2017,187907
3736C070,11/1/2017,128697
2149FC10,10/30/2017,137072
C2A600,8/13/2017,213228
26A00E7F,11/29/2017,178394
A11DAD3,10/11/2017,126412
29C65CB1,12/13/2017,131559
36BC2BAF,12/30/2017,126412
31D44625,10/27/2017,176256
6744F03,10/27/2017,138907
30DAAC69,10/25/2017,128697
2532DC8C,8/22/2017,198206
168E20E8,8/12/2017,198206
1312E38E,12/28/2017,181450
3264D120,11/2/2017,187907
1757109C,11/8/2017,122451
2D774CA4,12/16/2017,158319
25F501E9,8/26/2017,150031
1DBE1FF7,11/11/2017,145332
943CADB,10/25/2017,179521
27C53FB6,8/23/2017,166102
3B7FF5D4,9/5/2017,141244
161AFA5A,9/1/2017,186796
22AACC5B,12/28/2017,202579
14608B65,8/14/2017,142089
F3F043E,12/8/2017,131559
7B2432B,12/17/2017,191373
1C61915F,9/23/2017,145332
2C68D6D0,10/5/2017,162348
C68E893,8/29/2017,142089
69051BA,12/20/2017,178394
28D41F65,11/4/2017,141244
3B285A29,11/22/2017,185847
B63CDE6,10/26/2017,135119
8501BEB,10/26/2017,213702
339A9749,10/16/2017,141740
1A9E58A1,8/24/2017,137072
3B3572DC,10/2/2017,178394
26EA1962,10/8/2017,214049
2EE69297,12/10/2017,137551
20528484,8/5/2017,131559
1CF65333,11/7/2017,214049
255AF334,8/11/2017,200172
23D7AAE7,10/29/2017,221278
16457B5F,10/19/2017,129446
6C6C1DA,10/19/2017,145748
2D55FD15,9/4/2017,202579
262169C5,10/25/2017,162348
1CB94B51,8/3/2017,183306
37221D35,12/23/2017,186796
294567F5,9/12/2017,185847
223701D,9/22/2017,217190
36A55341,9/21/2017,191308
19206248,9/15/2017,178394
3ED463F,8/25/2017,155582
3ABD6823,9/10/2017,141861
22791D11,12/20/2017,198206
D53487D,9/15/2017,191879
3B247147,9/25/2017,197201
21BAE7C,8/28/2017,187907
BD6E93C,11/21/2017,145332
293E3F53,10/17/2017,145332
16457B5F,9/19/2017,126412
717D4E6,10/2/2017,198206
11C5F00D,12/18/2017,173982
144FFEA8,12/2/2017,140219
74EB484,12/20/2017,158319
34D32759,8/10/2017,157310
20F0103B,9/4/2017,206439
1D89FA92,10/14/2017,141861
12AE14F3,8/6/2017,176256
2C138640,10/25/2017,225315
86FCA01,9/27/2017,167688
2DBA488D,9/9/2017,151661
3A3DB970,12/25/2017,166408
31BBBC50,12/16/2017,189455
16457B5F,9/7/2017,186064
2008D72D,9/29/2017,191373
264E5840,10/9/2017,135119
2C53583,10/23/2017,198206
28E086E2,9/18/2017,195053
1444C598,9/15/2017,131559
12E79130,9/24/2017,145332
31467C35,9/12/2017,213702
1BE4D02E,9/16/2017,126412
1ECEC745,8/5/2017,124549
35A8293C,9/5/2017,124549
152BE90D,11/9/2017,162348
83D30C7,11/13/2017,212118
CF96A4F,10/1/2017,217190
2F6973E0,9/14/2017,204552
144A193F,12/8/2017,198206
25D999D6,9/15/2017,206439
144A193F,11/23/2017,211153
82F4C12,11/4/2017,181610
29B3D7D8,12/23/2017,189455
22483D16,9/9/2017,191787
2C764FD,9/21/2017,186064
1EEA4C41,9/11/2017,162348
71DF1FB,11/6/2017,137072
37ECECFC,11/19/2017,151661
39FC9DE9,11/16/2017,126412
84FA156,9/17/2017,202579
164188B,11/20/2017,223062
1063FAFB,10/20/2017,191373
2964C53F,11/8/2017,151269
9DDF297,12/10/2017,181610
C06CB9,9/1/2017,142089
26223E69,8/8/2017,178394
18AC2B4B,12/11/2017,204552
3013A5F5,10/7/2017,179521
17C7366C,12/9/2017,137551
359CE3F,9/1/2017,183306
31671530,12/13/2017,198742
810820C,10/5/2017,141861
2AE009D4,11/25/2017,166102
1576A949,8/30/2017,148301
1D1A6E35,12/23/2017,155500
2CE69C8,9/28/2017,206439
5180E16,8/23/2017,179521
201B9055,12/26/2017,176256
3B90585F,9/3/2017,126412
874C9A,8/1/2017,137072
12FA7697,11/13/2017,217190
9DDF297,8/27/2017,143768
13942D,11/26/2017,129446
423BED3,8/26/2017,160639
83D30C7,12/10/2017,204552
320A5CF1,11/16/2017,150031
22FF94A2,9/6/2017,158319
345DDF64,11/22/2017,155500
966D0B4,8/2/2017,166408
D0052DD,11/9/2017,173025
2BB845C0,9/7/2017,137551
12312DD9,10/17/2017,204552
12312DD9,8/25/2017,141740
1F3025F9,9/28/2017,131559
12C780EF,12/2/2017,166408
141B0234,10/12/2017,140219
168E20E8,12/17/2017,137551
1158B1DA,10/24/2017,181610
2AEB9653,10/30/2017,166408
141B0234,11/1/2017,204552
1F611158,11/16/2017,213228
2D5E88A6,9/15/2017,158319
20665BD3,8/31/2017,217190
1875A78D,9/16/2017,193499
1AB563D9,10/11/2017,215392
1213F002,12/16/2017,164260
20F0103B,10/26/2017,183306
DD26571,12/9/2017,206439
2B1F305E,9/28/2017,128697
201FDC72,10/25/2017,155582
21380058,9/16/2017,151661
1A73B459,12/6/2017,173025
1F6CCDED,11/23/2017,200573
22A95C72,11/26/2017,214049
3067FD41,10/26/2017,222124
280C31FA,8/6/2017,145748
1E861F85,10/1/2017,189455
102FC773,8/6/2017,169942
C8C916D,12/17/2017,169942
1238D0A8,12/2/2017,137551
2AE009D4,8/21/2017,153716
281C0B1F,8/30/2017,158319
379E2754,11/19/2017,206439
1158B1DA,11/28/2017,176256
1ACAD808,11/29/2017,191879
27A2B91E,12/23/2017,166102
17626E57,10/19/2017,191879
30B60A11,8/14/2017,151661
21380058,11/20/2017,217190
2AAFDF8,11/8/2017,193499
1B3B5435,11/28/2017,200573
2E7BEB58,9/27/2017,148301
6AB5EEA,8/4/2017,172185
301A3F66,8/16/2017,179521
FD36594,12/17/2017,215392
15726E62,10/30/2017,176256
122AEF12,11/26/2017,186064
8608F6A,9/5/2017,194505
C8436C,8/26/2017,181450
19BB0F1B,8/12/2017,153716
1B2A9659,9/29/2017,143768
2B82B9CB,12/25/2017,200573
37751438,10/24/2017,181450
28384E,12/1/2017,131559
1C5680FE,8/22/2017,155582
2DEFA40B,8/19/2017,191879
32FE060C,10/1/2017,200573
1E146E75,12/18/2017,151269
27D540B7,8/9/2017,185847
2CE62157,8/19/2017,172185
1BE7EA89,10/20/2017,202579
29D93D54,8/26/2017,181450
33E9AA50,8/29/2017,191787
5747671,9/4/2017,147552
3AECAB5D,12/17/2017,197201
E708E0E,9/16/2017,219484
32FE060C,12/6/2017,225315
229B5AAE,9/16/2017,155500
1916618D,9/23/2017,141861
2AAFDF8,10/7/2017,200573
220CD212,12/30/2017,124549
C6CA8B8,8/26/2017,166408
24B74AF7,10/18/2017,193499
1875A78D,12/16/2017,158319
24B74AF7,9/25/2017,186064
267E5BFB,10/29/2017,153716
30EBD70E,8/20/2017,138907
26C2EE87,10/16/2017,222124
6C24264,12/5/2017,169942
1F2C7DCA,10/19/2017,211153
2B820DDD,9/25/2017,200573
3B4DB15E,11/2/2017,151661
1AB77E02,10/20/2017,153716
38B0EAAD,12/27/2017,153716
24958B97,12/28/2017,166408
35385D9F,10/25/2017,151661
1D173845,10/16/2017,124549
2C3C9135,9/28/2017,186064
103F612F,12/8/2017,128697
35428EFB,11/11/2017,126412
1DBE1FF7,11/11/2017,194505
27FFC125,12/6/2017,176256
8E86E90,11/22/2017,197201
374E77C6,11/9/2017,151661
300A843F,10/4/2017,157310
173E32A9,9/21/2017,147552
3700D2A2,12/17/2017,181610
268229DF,8/11/2017,176256
2CF8B502,8/31/2017,157310
10506062,11/4/2017,215392
3013A5F5,12/4/2017,166102
2AEEF11E,10/18/2017,186064
220C9FFC,9/2/2017,178735
30EBB237,10/12/2017,222124
122AEF12,8/17/2017,140219
1F7C4F96,12/1/2017,126412
2FA43312,11/2/2017,214049
173F752D,9/15/2017,122451
90C83EC,11/11/2017,225315
5BFED18,12/14/2017,191373
401D5FC,12/26/2017,129446
52A8C34,8/25/2017,185847
D71340C,9/16/2017,186796
2FB8C2F9,12/14/2017,194505
1F11105E,9/2/2017,198206
20CD0DFB,11/21/2017,211153
1FF41476,9/4/2017,182555
2EEEB8EB,11/8/2017,138907
1238D0A8,9/17/2017,162348
255AF334,10/18/2017,176256
19034058,8/22/2017,212118
858950C,9/9/2017,150031
7B2432B,10/29/2017,141740
19BB0F1B,12/7/2017,148301
21ACDA95,12/7/2017,172185
14BAFBB2,9/28/2017,181610
317F7BF2,8/18/2017,173025
3AF1A7B1,12/16/2017,214049
9D1DDA6,9/19/2017,155582
32FE060C,8/15/2017,194505
7577C6E,12/3/2017,217190
3854997F,9/24/2017,169942
12899179,8/4/2017,148301
1AB50C54,12/20/2017,200573
330BD721,11/11/2017,202579
1E861F85,8/18/2017,151269
3EDE744,10/17/2017,181450
157F38C8,8/16/2017,181610
2B820DDD,10/7/2017,191879
1B69F54A,11/27/2017,214049
1187B358,11/24/2017,191787
1797EE85,12/8/2017,183306
17A6A6F3,10/1/2017,160639
950260A,8/1/2017,183306
294567F5,10/10/2017,222124
3927888C,8/24/2017,176256
1FD4A2B5,8/19/2017,164260
2D4C0C6F,10/21/2017,176256
27CFC589,11/12/2017,198742
1C98738B,11/25/2017,141740
351E02CE,9/11/2017,221278
D1E74A9,8/6/2017,191308
14DB602F,9/10/2017,202579
144FFEA8,9/26/2017,143768
1DBE1FF7,12/18/2017,145332
4ED966,9/3/2017,198742
3571E9C0,10/27/2017,189455
3745180,12/5/2017,211153
19C4A537,10/5/2017,198742
5199D8C,11/21/2017,166102
24C669BD,8/31/2017,181450
27490914,9/14/2017,204552
16457B5F,8/3/2017,172185
9345571,9/25/2017,145332
518FFBE,8/30/2017,197201
1DFFCB72,12/7/2017,219484
21999522,8/29/2017,185847
2EF057D2,12/11/2017,183306
191B9E48,11/30/2017,189455
1CFC45FA,8/13/2017,129446
226D8E92,11/7/2017,137072
37B15B9F,8/29/2017,135119
1E4C6BCD,12/29/2017,198206
103EFA9D,12/22/2017,166102
229B5AAE,9/15/2017,213702
C882F9D,11/25/2017,200573
12312DD9,8/23/2017,131559
1B2A5293,9/17/2017,138907
9345571,10/22/2017,145332
21B76D04,8/8/2017,131559
203DF735,9/20/2017,194505
173F752D,10/15/2017,150031
2FDFAA35,11/20/2017,213228
100024A0,9/12/2017,126412
24575A2A,10/4/2017,137072
16851767,12/8/2017,211153
2008D72D,8/11/2017,186064
1E861F85,12/16/2017,169942
2E7BEB58,9/2/2017,157310
29D93D54,12/2/2017,164260
163E64D,12/15/2017,151661
1078F17D,12/13/2017,167688
1AEEDF9F,12/1/2017,186064
1D1A6E35,10/23/2017,142089
19C4A537,12/4/2017,200172
15422E1B,11/27/2017,141244
37D1B42E,12/7/2017,147552
FC2A677,11/3/2017,137551
225F90D4,12/7/2017,150031
168E20E8,12/16/2017,217190
1769DAD7,9/28/2017,191373
38376145,10/29/2017,166102
3FADB17,10/24/2017,217190
1D354BE3,11/17/2017,187907
30DAAC69,12/2/2017,169942
23A87EE7,11/28/2017,186064
264E5840,8/29/2017,173982
1F2607FE,8/22/2017,166408
37221D35,12/26/2017,145748
11555F37,9/14/2017,214049
464E359,12/10/2017,145748
11ABB9FD,10/10/2017,204552
306D90E0,12/15/2017,141244
201F270E,9/13/2017,191879
12C780EF,8/13/2017,155500
30EBD70E,9/5/2017,160639
1C94783A,10/7/2017,181610
11470AAD,8/22/2017,204552
81E408C,11/22/2017,126412
39920906,12/9/2017,167688
F8023B4,11/26/2017,202579
F1E54ED,11/30/2017,137551
1E14A61F,12/3/2017,213702
3B247147,8/23/2017,200172
217A1B6F,9/9/2017,157310
A7A7271,9/24/2017,173025
2828AEC3,9/17/2017,141861
32A1BE1D,8/15/2017,179521
2137F9E2,11/27/2017,200172
EBDEA7D,10/5/2017,198206
2D9DACCA,10/7/2017,147552
3F0BBBE,9/17/2017,147552
B036CDE,8/8/2017,150031
2A04DB5E,10/28/2017,200573
2B820DDD,10/11/2017,150031
DBC51AE,11/7/2017,178735
1153B3E1,9/30/2017,204552
34103139,9/13/2017,141244
23CDD2A8,10/3/2017,128697
27A2B91E,8/12/2017,162348
2EEEB8EB,10/30/2017,182555
6D9B874,11/11/2017,160639
2050880,12/26/2017,202579
2A19FB07,10/22/2017,193499
2E336EE0,11/12/2017,183306
356BDDD0,11/6/2017,141861
B7BF6B2,10/25/2017,158319
1DE59D5D,9/20/2017,204552
10810862,9/13/2017,178735
1F35DB64,8/2/2017,219484
1813A626,12/13/2017,141740
D312DEE,8/2/2017,197201
1E5B2774,11/1/2017,137551
5199D8C,9/27/2017,167688
23ADFEDA,10/31/2017,126412
2469103F,11/21/2017,215392
25D6EB26,12/18/2017,148301
23ADFEDA,12/24/2017,147552
237568AA,12/9/2017,173982
584F14B,8/23/2017,141740
13EE3462,10/7/2017,217190
26A00E7F,12/5/2017,215392
2BD7A4,8/15/2017,122451
3B4DB15E,10/20/2017,129446
283D51EF,12/21/2017,173025
36F40130,12/7/2017,191879
250CCB2D,11/9/2017,181450
924719E,8/11/2017,181450
38B0EAAD,12/7/2017,162348
34F54BA9,11/14/2017,151661
83D30C7,8/4/2017,143768
4CD2BCD,10/18/2017,197201
2AC50B7B,9/18/2017,158770
1D0E756C,11/14/2017,126412
228DD5F8,9/29/2017,193499
19E2024A,11/25/2017,223062
2C866828,8/5/2017,178394
1438626E,8/22/2017,143768
1C907AB8,12/6/2017,158319
3A3DB970,8/17/2017,178394
2FF0239,12/3/2017,137551
1251AA9,8/11/2017,151661
103F612F,9/27/2017,166408
3403ADF5,11/21/2017,131559
37D1B42E,10/23/2017,122451
34B754E3,9/19/2017,128697
3F0BBBE,8/29/2017,166408
6C24264,11/30/2017,195053
1063FAFB,8/29/2017,197201
46BE086,10/16/2017,182555
244A23A9,9/15/2017,151269
F874960,10/23/2017,193499
1AF671DD,10/20/2017,162348
717D4E6,8/19/2017,193499
1444C598,8/23/2017,225315
39BBE039,10/21/2017,191308
1295C349,8/29/2017,148301
281284C2,9/28/2017,131559
27D9B886,11/2/2017,128697
36360A97,8/17/2017,166102
1CA6C3D9,11/6/2017,167688
46BE086,12/19/2017,225315
B63CDE6,9/28/2017,212118
122F3EB2,12/26/2017,155500
1CE1F653,11/22/2017,182555
14226B68,11/15/2017,185847
359CE3F,11/21/2017,198206
24A103AC,11/22/2017,200172
185574EF,10/9/2017,141740
36DA9D80,8/11/2017,158770
F3F043E,12/6/2017,176256
1A42A971,11/9/2017,191879
32B963D9,9/14/2017,138907
2E43D17E,12/4/2017,166102
293E3F53,10/4/2017,184019
11F4D9FE,10/24/2017,185847
8E86E90,12/20/2017,166408
4B2962,10/25/2017,215392
15726E62,9/19/2017,157310
2AE009D4,12/4/2017,187907
2F6A689C,8/26/2017,122451
2AEEF11E,11/20/2017,185847
27490914,8/13/2017,128697
300A843F,10/6/2017,197201
361C190C,10/14/2017,191787
144FFEA8,11/7/2017,151269
CE9E489,11/24/2017,172185
12899179,12/21/2017,191787
1B2A9659,8/13/2017,122451
1BFB1B80,8/28/2017,219484
2FF6CEC4,9/29/2017,157310
F175A0A,11/27/2017,197201
103EFA9D,12/20/2017,178735
AB97C4B,8/30/2017,221278
14BAFBB2,8/3/2017,173982
2AB20162,9/1/2017,150031
11F7D29D,11/3/2017,142089
B6358B2,8/22/2017,198206
25D6EB26,8/31/2017,148301
31553493,12/31/2017,182555
D0CD1AD,10/4/2017,124549
196419AD,9/3/2017,158319
26EA1962,12/3/2017,195053
15B9292D,11/2/2017,166102
7D636E9,8/11/2017,211153
36075517,10/12/2017,195053
2BDBB093,10/31/2017,145748
8E280F9,11/5/2017,212118
157F38C8,10/2/2017,219484
1295C349,8/4/2017,173025
226BF112,8/30/2017,141861
FD36594,12/26/2017,157310
1AEEDF9F,9/6/2017,198742
9E40797,10/3/2017,200172
D53487D,10/24/2017,143768
1EABA3DE,11/26/2017,195053
21AF0E3C,8/21/2017,135119
13FAEAC2,11/15/2017,223062
71CACDE,12/8/2017,141861
3A566109,12/22/2017,137551
33E9AA50,10/1/2017,195053
F1E54ED,10/15/2017,138907
1FF5678E,11/11/2017,150031
1D354BE3,9/30/2017,137072
1029FC6,10/3/2017,176256
4B72674,11/24/2017,215392
256D74CD,8/4/2017,129446
518FFBE,8/11/2017,157310
A927D65,9/3/2017,128697
2D4C0C6F,9/20/2017,200573
16457B5F,12/7/2017,166408
693287,12/24/2017,213228
1E039A2A,10/9/2017,148301
1D1A6E35,8/19/2017,158770
288138B6,12/2/2017,153716
36A55341,12/27/2017,215392
3A566109,9/15/2017,178735
231C9B0C,11/11/2017,179521
89A6899,10/8/2017,172185
3B285A29,10/4/2017,197201
1CD0E367,9/29/2017,178394
1366F192,10/29/2017,219484
3B90585F,11/10/2017,221278
1FD4A2B5,12/30/2017,193499
469D8C0,11/18/2017,150031
1444C598,9/7/2017,191308
56747BB,8/21/2017,217190
F1E54ED,9/29/2017,169942
245D88F7,8/19/2017,221278
3EDE744,8/15/2017,176256
65ECDB,12/21/2017,215392
2EB07187,8/17/2017,166102
1ACAD808,10/13/2017,222124
34103139,11/8/2017,178394
2E52C07B,9/2/2017,158770
36F40130,9/27/2017,200172
339A9749,11/9/2017,157310
1A7B3721,10/8/2017,198742
2AEB5745,12/20/2017,223062
EB82BA4,9/16/2017,200573
115FC44A,12/15/2017,145332
30074A6D,9/2/2017,213702
2CE69C8,8/1/2017,191879
36ED0D17,10/9/2017,147552
22ED0EB8,10/15/2017,122451
2B820DDD,10/11/2017,178394
2E8A648C,12/30/2017,198206
255AF334,8/12/2017,184019
7DD3293,10/27/2017,215392
1C1E9399,12/21/2017,202579
14226B68,11/29/2017,202579
E6AD830,11/11/2017,181450
469D8C0,9/14/2017,178735
24433510,12/31/2017,166408
FD35841,9/7/2017,137551
6178FEB,12/15/2017,155582
1295C349,8/3/2017,151661
2DBA488D,11/3/2017,151661
220CD212,8/9/2017,186796
2B820DDD,9/4/2017,151661
1606F1C4,12/24/2017,128697
1761DDE6,11/3/2017,191879
15422E1B,9/16/2017,221278
2CBC17D6,10/6/2017,185847
233228B6,10/17/2017,183306
24F8AFBA,9/12/2017,185847
2E8A648C,11/14/2017,217190
32DE6583,12/22/2017,122451
1C3B081D,8/22/2017,219484
229B5AAE,11/9/2017,191373
2E43D17E,8/31/2017,122451
1B34D433,8/14/2017,223062
FDB9291,12/25/2017,200573
7DD3293,9/12/2017,158770
59A2C9,10/10/2017,122451
27AFB329,10/12/2017,200172
2B820DDD,12/14/2017,129446
32C4FF2B,8/2/2017,223062
452924B,10/13/2017,172185
22529B08,8/20/2017,225315
33A7713B,10/18/2017,178394
362D796F,12/6/2017,198742
38900A41,10/6/2017,167688
4284AD6,9/29/2017,189455
D683EBF,9/3/2017,191308
2D2AB12C,10/17/2017,206439
F9E8241,11/7/2017,155582
104D3A10,9/30/2017,183306
20752193,8/18/2017,131559
30D8ED8C,11/26/2017,124549
965BD16,9/30/2017,181610
24F16000,12/3/2017,191308
21827597,8/12/2017,200573
36D4D779,10/10/2017,145332
2EC4DABF,10/31/2017,186796
14218A1A,10/2/2017,200573
2954E585,8/3/2017,217190
2507083C,9/6/2017,158319
3F0BBBE,12/22/2017,129446
FB07696,8/20/2017,222124
26E3192F,12/1/2017,151269
3264D120,11/10/2017,155500
22AACC5B,9/8/2017,138907
255AF334,8/12/2017,140219
428931E,12/5/2017,147552
21CBAD0E,10/28/2017,155500
203DF735,11/16/2017,219484
20CD0DFB,10/6/2017,197201
F175A0A,12/17/2017,191787
2B9DB32F,9/3/2017,179521
340C62,8/12/2017,137072
16851767,10/14/2017,141740
EBDEA7D,9/17/2017,186796
684138A,8/30/2017,184019
3688B8EE,9/5/2017,204552
148E21D4,12/24/2017,189455
340C62,8/31/2017,135119
250CCB2D,8/16/2017,162348
237446F5,8/22/2017,195053
F7AA880,12/15/2017,219484
2FC9B37F,12/9/2017,182555
17F3BB20,8/2/2017,200172
2AB20162,10/23/2017,158770
22EFE04B,9/30/2017,225315
B48B84,10/7/2017,153716
2C9D44F7,12/25/2017,124549
1B2A5293,9/23/2017,225315
F7AA880,9/29/2017,202579
203DF735,12/6/2017,169942
19BB0F1B,12/27/2017,151269
2CF1645B,12/13/2017,191373
1916618D,9/10/2017,206439
3EDE744,10/16/2017,187907
23BE43AA,12/31/2017,200573
2EC08420,9/30/2017,138907
1499D362,11/20/2017,191879
14DB602F,10/28/2017,164260
24F8AFBA,11/28/2017,194505
2C3C9135,8/25/2017,195053
1345912D,11/7/2017,166102
20E428CC,9/20/2017,135119
3125898D,11/13/2017,128697
2F8B0B5B,12/13/2017,181610
2E336EE0,12/23/2017,202579
1B34D433,12/8/2017,157310
18C91273,12/24/2017,200172
118469CB,8/14/2017,193499
10DB1BC,8/22/2017,206439
28D41F65,9/29/2017,141244
B022F71,11/8/2017,158319
2F8B0B5B,10/5/2017,166408
6744F03,12/30/2017,151661
1504700B,11/18/2017,138907
AC3F841,11/18/2017,151661
2D9DACCA,10/13/2017,198742
3812AD61,8/27/2017,206439
1251AA9,12/13/2017,124549
1757109C,9/29/2017,212118
163E64D,12/18/2017,211153
2674EBE6,9/7/2017,212118
966D0B4,11/29/2017,179521
2FF6CEC4,9/18/2017,195053
727994C,9/19/2017,124549
3B14659D,8/20/2017,166408
D40BD50,11/15/2017,141244
22AACC5B,11/18/2017,153716
16A9244A,8/14/2017,185847
AB97C4B,11/27/2017,178394
249DA9C8,9/22/2017,191308
27AFB329,12/12/2017,137072
16BD3D76,12/8/2017,197201
2EF057D2,9/16/2017,195053
2758E19B,10/16/2017,183306
32641622,8/19/2017,141861
24F85321,11/25/2017,141740
1176C301,12/20/2017,213228
38B0EAAD,12/7/2017,185847
22791D11,8/13/2017,219484
2C64805E,10/20/2017,141861
3700D2A2,12/12/2017,129446
1916618D,11/8/2017,158319
32151186,9/10/2017,191308
36F6DCA0,9/11/2017,183306
2AB62406,10/4/2017,213702
1CFC45FA,11/26/2017,155582
217A1B6F,11/30/2017,155500
A11DAD3,8/3/2017,178394
1D512CC0,9/23/2017,206439
395A11D1,8/31/2017,173982
FBA571F,10/13/2017,211153
3B56F764,8/31/2017,147552
312F180C,9/7/2017,186064
F444481,10/19/2017,214049
1BFBCEFB,8/3/2017,202579
201B5227,12/19/2017,151661
2CBC17D6,9/26/2017,191787
118D36D6,9/19/2017,198206
2E6C6F60,8/21/2017,219484
2B1F305E,10/19/2017,197201
21E5848C,10/22/2017,150031
18F899D3,9/10/2017,225315
235B6270,10/11/2017,158319
1BFBCEFB,11/23/2017,200172
1AB77E02,9/27/2017,191879
28D41F65,9/6/2017,151269
182E4ED9,8/9/2017,166102
F8D7EE7,11/23/2017,158770
6423053,9/8/2017,141244
42F4538,10/9/2017,138907
1D0E756C,12/10/2017,212118
965BD16,12/3/2017,213228
2419DBF1,9/24/2017,211153
1E146E75,11/16/2017,198742
2C034FC9,12/5/2017,194505
149E484E,8/1/2017,200573
173F752D,8/11/2017,143768
300A843F,8/26/2017,126412
2DBACA5E,12/7/2017,211153
428931E,12/16/2017,200172
18040B26,12/14/2017,135119
145A8C98,12/20/2017,214049
3013A5F5,12/25/2017,178735
2128FC02,10/20/2017,195053
201B5227,12/22/2017,126412
9F9F5DC,11/12/2017,150031
359A4256,9/23/2017,172185
8501BEB,12/17/2017,135119
2E9A860B,10/26/2017,173025
4B3FC23,9/11/2017,222124
104EDBC7,9/30/2017,158770
1EABA3DE,8/7/2017,219484
3881E550,10/24/2017,141740
FD35841,8/22/2017,158770
2EEEB8EB,8/25/2017,124549
1C2AE064,12/25/2017,155500
35C86BC,12/23/2017,151661
4CA33AD,12/29/2017,204552
A71B8EA,11/25/2017,182555
18B4350A,12/1/2017,151269
2F451593,9/19/2017,194505
1224D28F,10/20/2017,191787
6408AA,9/13/2017,182555
3999743F,11/5/2017,191879
2061C64,11/1/2017,162348
1249444F,11/12/2017,147552
3488D8E8,8/6/2017,147552
144A193F,12/25/2017,206439
33B45FB4,10/19/2017,200172
12899179,10/6/2017,178735
2758E19B,12/5/2017,194505
15B2CE5F,8/20/2017,155582
F28942C,12/3/2017,160639
D887988,9/17/2017,213228
60A2ECD,11/23/2017,129446
2746479D,12/12/2017,222124
225F90D4,10/11/2017,200172
1BFDC394,10/18/2017,225315
3B95D245,12/14/2017,147552
74EB484,10/1/2017,222124
32641622,11/21/2017,138907
288138B6,10/27/2017,153716
2D4C0C6F,12/11/2017,169942
1AF9127B,12/26/2017,145748
2169EE5A,9/10/2017,166102
2D2C9865,9/16/2017,215392
13E26C58,10/22/2017,124549
264BCFBA,9/8/2017,157310
F175A0A,9/6/2017,215392
FC2A677,9/7/2017,183306
DFBDF16,10/3/2017,204552
A92D846,12/29/2017,141740
27068844,8/7/2017,141740
35428EFB,10/14/2017,189455
16456D69,8/23/2017,172185
1063FAFB,9/23/2017,131559
12E79130,12/17/2017,184019
1AA3A5B2,11/19/2017,187907
235517E9,11/26/2017,197201
250EB59D,11/21/2017,141244
115E26D3,9/6/2017,191373
11555F37,11/24/2017,191308
1EEA4C41,12/28/2017,166102
2DD33BBE,9/6/2017,194505
2149FC10,11/10/2017,141861
2050880,11/28/2017,202579
2CE0AC1C,11/12/2017,129446
164188B,8/30/2017,135119
39FA882E,11/10/2017,147552
2AF907CD,11/27/2017,162348
268229DF,9/24/2017,198206
163E64D,11/28/2017,200573
F62330E,11/18/2017,142089
2419DBF1,9/1/2017,148301
13EE3462,12/14/2017,147552
D87AAD3,10/16/2017,182555
D0B15C5,8/17/2017,169942
312F180C,8/20/2017,158319
115FC44A,9/23/2017,198206
D0CD1AD,9/7/2017,197201
1C15CDA1,12/22/2017,148301
1B69F54A,9/26/2017,184019
E64C422,8/22/2017,197201
390ACED7,9/6/2017,217190
779ABAA,11/29/2017,191308
DBC51AE,12/23/2017,160639
1F7C4F96,10/30/2017,191787
12A1C0BF,12/8/2017,185847
39FA882E,11/14/2017,184019
10856F5A,11/17/2017,181610
34D32759,10/25/2017,151269
A1D7D69,11/5/2017,172185
13A8292D,8/12/2017,182555
231C9B0C,11/1/2017,141740
185C9283,10/27/2017,181450
2DEC9F0F,12/27/2017,202579
F86447C,11/18/2017,179521
4CA33AD,8/23/2017,142089
17275B34,11/22/2017,189455
19E2024A,11/7/2017,185847
23F94951,9/27/2017,195053
EBDEA7D,11/23/2017,173982
1176C301,11/30/2017,158770
16C3396E,11/9/2017,147552
19089F8E,11/14/2017,145748
2CF8B502,9/2/2017,206439
3A2CCC57,11/29/2017,166408
17275B34,9/3/2017,158319
A7A7271,12/12/2017,178394
874C9A,10/8/2017,198742
2744A22F,11/21/2017,137551
2455C06,9/7/2017,193499
2E7BEB58,8/18/2017,160639
48B9C9B,11/4/2017,137551
1089FCF6,8/5/2017,222124
D887988,9/1/2017,204552
1153B3E1,8/11/2017,222124
18F899D3,12/13/2017,147552
D35281,12/27/2017,145748
1FF5678E,8/18/2017,173025
2B89D858,10/31/2017,206439
2744A22F,11/25/2017,147552
305E571C,10/17/2017,147552
1C3C2EC4,10/1/2017,141740
F429D34,12/20/2017,150031
1CF79FF2,11/23/2017,148301
328A2253,9/27/2017,166102
727994C,10/20/2017,186796
122F3EB2,12/3/2017,151269
1FF5678E,8/31/2017,211153
7235321,12/9/2017,122451
254A94AA,11/14/2017,135119
33B9816C,10/9/2017,213228
3380EE9D,8/30/2017,145748
3013A5F5,9/2/2017,222124
E544E0A,11/15/2017,172185
12E79130,8/12/2017,186796
29C65CB1,9/8/2017,138907
5747671,9/11/2017,191308
340C62,8/8/2017,172185
2A95F376,8/23/2017,191308
2149FC10,11/4/2017,178394
3A4B3B90,9/13/2017,181610
13EE3462,9/3/2017,225315
2AB11B64,8/13/2017,200573
CACD9D7,9/20/2017,140219
469D8C0,10/11/2017,128697
26606B37,12/17/2017,157310
2C138640,12/30/2017,181610
1EE78D72,8/20/2017,167688
34A427F9,8/16/2017,198206
9ACB54B,10/2/2017,173982
286F5573,9/29/2017,217190
1C0D4A72,9/21/2017,172185
1D354BE3,9/26/2017,200573
36075517,12/12/2017,173025
1297D0F5,11/1/2017,142089
34F54BA9,10/13/2017,151661
C8436C,12/4/2017,158770
18B99443,9/29/2017,145748
2FC3B68F,11/6/2017,181450
539D303,11/17/2017,172185
B999DE2,10/11/2017,157310
1813A626,8/6/2017,124549
7F7E75,10/9/2017,225315
1512C95A,10/5/2017,186796
27DE5B8F,10/13/2017,197201
D40BD50,11/10/2017,191787
13EE3462,11/20/2017,214049
1504700B,8/7/2017,158319
2A4AC65D,12/25/2017,191879
11DBF59C,8/23/2017,126412
284FACC4,10/20/2017,160639
16A43E17,11/28/2017,181450
314E2CB7,10/21/2017,223062
123D143E,10/26/2017,198742
539D303,9/1/2017,191787
2D52D10F,9/20/2017,181610
31671530,9/12/2017,223062
252971A4,8/27/2017,129446
1A23AE27,8/9/2017,157310
F28942C,10/30/2017,166408
10810862,8/23/2017,151661
2B146FCD,12/30/2017,140219
2D2C9865,8/9/2017,141244
3718BF40,11/5/2017,214049
12A29D39,10/4/2017,164260
2FC3B68F,9/25/2017,131559
1CC83294,9/8/2017,186796
3380EE9D,11/15/2017,176256
1901A6DE,11/1/2017,179521
281C0B1F,8/10/2017,193499
14E926ED,9/27/2017,162348
2D6085D9,8/27/2017,162348
1DADAAE7,11/21/2017,143768
570B6CA,10/6/2017,155500
C8C916D,10/9/2017,166102
152B46FF,9/2/2017,145332
141B0234,11/16/2017,145332
230F77A5,12/7/2017,186064
2D046D36,9/28/2017,179521
2C26C5D,11/11/2017,212118
36649F15,10/30/2017,145748
4CA33AD,8/27/2017,186796
951C2AC,11/27/2017,141861
826A919,8/24/2017,178735
2E8A648C,8/8/2017,204552
2AAFDF8,12/28/2017,186796
173F752D,9/1/2017,186064
1C61915F,8/10/2017,211153
264BCFBA,11/2/2017,151661
1F2C7DCA,10/30/2017,187907
283D51EF,9/9/2017,155582
5199D8C,10/2/2017,129446
EA3B5D3,9/2/2017,200573
3C7E4EB,9/19/2017,219484
11674E59,11/5/2017,198206
3A189875,10/29/2017,158319
2E15C7E3,12/5/2017,140219
98453D,8/17/2017,182555
25B6E82D,12/19/2017,186796
779ABAA,8/15/2017,223062
727994C,8/9/2017,221278
1746E431,10/6/2017,158770
22A95C72,9/16/2017,213702
1C0D4A72,9/4/2017,166102
16B490E7,9/19/2017,221278
33CAFD26,9/15/2017,169942
A6EFD92,9/30/2017,185847
1DFFCB72,12/6/2017,141244
23789885,8/29/2017,202579
374E77C6,10/18/2017,124549
18C02ED8,8/12/2017,176256
39920906,8/6/2017,135119
2DD33BBE,12/6/2017,150031
16B3ED7F,9/22/2017,187907
30074A6D,10/28/2017,191879
1440D4D1,9/9/2017,137072
21CBAD0E,9/2/2017,178394
3EDE744,9/26/2017,187907
14E2A038,11/26/2017,197201
2DBA488D,11/25/2017,193499
13E26C58,8/31/2017,189455
21E5848C,12/4/2017,213228
D35281,10/7/2017,211153
2FF0239,10/22/2017,137551
11C5F00D,8/12/2017,185847
249DA9C8,10/30/2017,183306
157F38C8,11/10/2017,126412
12C780EF,8/31/2017,183306
1CB94B51,12/8/2017,173982
22FF94A2,11/21/2017,213702
2C26C5D,9/17/2017,204552
2D129C00,9/11/2017,164260
2052C5EE,8/19/2017,200172
1C98738B,9/25/2017,169942
395A11D1,10/10/2017,141740
D0BFB77,12/6/2017,150031
3AC0EACA,11/10/2017,200172
2B820DDD,11/5/2017,150031
30074A6D,10/30/2017,225315
22791D11,10/7/2017,222124
2828AEC3,9/28/2017,151269
30B60A11,11/27/2017,151661
2BF34FFE,8/24/2017,191308
153641C4,10/25/2017,185847
358B60D1,10/26/2017,191373
22385F02,9/29/2017,138907
2D774CA4,10/15/2017,213702
3782DCC3,12/24/2017,211153
37A0A31A,9/15/2017,137072
693287,12/4/2017,155582
390ACED7,11/18/2017,158319
3ABD6823,9/7/2017,166102
3B55150D,8/1/2017,141861
DB39264,10/3/2017,181610
B022F71,10/14/2017,179521
F950714,10/2/2017,222124
A49C504,12/11/2017,148301
11555F37,12/11/2017,198742
1B3B5435,12/29/2017,219484
3432C9DE,12/28/2017,181450
29246CC5,12/3/2017,178735
4E45B14,12/29/2017,140219
15422E1B,11/1/2017,141861
1D20A942,8/24/2017,221278
14E820E,8/1/2017,191308
22483D16,8/15/2017,222124
3882A39A,11/3/2017,137551
2F936B1,8/14/2017,225315
172F9FC2,12/2/2017,178394
2E80C812,11/30/2017,195053
13EEF4AC,10/6/2017,179521
2D55FD15,9/12/2017,191787
235517E9,11/10/2017,141861
2FC9B37F,12/16/2017,178394
10DB1BC,8/17/2017,129446
169970B4,12/31/2017,128697
345DDF64,12/21/2017,173025
2C138640,12/16/2017,212118
22EAAE2F,10/27/2017,131559
2AB2914,10/17/2017,150031
1E039A2A,10/17/2017,185847
3AF1A7B1,11/27/2017,223062
1813A626,9/13/2017,178394
18040B26,10/30/2017,223062
24E4CC72,8/26/2017,187907
FEE620A,9/24/2017,158319
3A50CFD6,10/16/2017,137072
9F747B7,12/16/2017,140219
2BD7A4,8/24/2017,162348
34F54BA9,9/4/2017,202579
417EE71,10/8/2017,195053
37ECECFC,10/27/2017,202579
3EDE744,8/26/2017,173982
33CAFD26,10/14/2017,150031
36649F15,11/22/2017,150031
340C62,10/24/2017,126412
9345571,12/9/2017,166408
57FEA77,12/1/2017,181450
3828F54E,9/11/2017,189455
2E4D655F,9/17/2017,194505
26EA1962,10/22/2017,126412
19014584,8/21/2017,194505
25026E3C,9/28/2017,195053
24F85321,9/8/2017,147552
102ABE60,9/27/2017,145748
3D37D85,10/27/2017,222124
1608F729,8/18/2017,155500
23789885,10/15/2017,202579
2F8B0B5B,10/17/2017,186796
9D1DDA6,10/3/2017,147552
6D9B874,12/23/2017,198206
1CA6C3D9,10/30/2017,223062
C348799,11/2/2017,135119
25F501E9,12/31/2017,223062
157F38C8,9/26/2017,181450
220CD212,9/23/2017,213702
313985FA,12/21/2017,160639
35A39C08,10/28/2017,157310
2B89D858,10/18/2017,191373
27533A35,9/13/2017,151269
2DD33BBE,11/17/2017,181610
CE9E489,12/8/2017,194505
3812AD61,8/8/2017,167688
11470AAD,9/14/2017,151269
2758E19B,11/24/2017,187907
20665BD3,12/4/2017,198206
527CAD4,10/14/2017,200573
8608F6A,9/11/2017,173025
3403ADF5,10/5/2017,173982
2AB11B64,10/25/2017,137072
1CF79FF2,9/30/2017,167688
2AEB5745,8/22/2017,141740
21B76D04,11/12/2017,142089
33B9816C,12/2/2017,198206
3A50CFD6,11/15/2017,198742
2E336EE0,10/25/2017,158319
2D9DACCA,8/8/2017,140219
A9FF762,10/26/2017,166102
256D74CD,11/22/2017,193499
52DDC7F,10/25/2017,140219
3B4DB15E,11/21/2017,200172
32DE6583,11/10/2017,137551
34A427F9,10/11/2017,181610
27FFC125,8/29/2017,213702
2FBC8DA8,12/6/2017,198742
2DD33BBE,9/15/2017,137072
145A8C98,11/28/2017,186064
16B1078D,8/20/2017,155500
20724F0D,12/25/2017,166102
37D583FE,11/21/2017,166408
6029642,8/16/2017,195053
999227,8/30/2017,129446
144DD98E,8/8/2017,143768
FD35841,8/27/2017,140219
1D20A942,10/5/2017,191373
F175A0A,8/21/2017,122451
27CFC589,8/27/2017,200573
38900A41,11/29/2017,223062
2F9C90A2,12/5/2017,225315
2797FC64,12/21/2017,145332
2F6973E0,11/25/2017,197201
2B1F305E,8/18/2017,137551
22A95C72,9/8/2017,202579
2F6A689C,11/30/2017,141861
237A6F86,11/18/2017,200573
17334E0E,8/3/2017,183306
693287,10/18/2017,128697
F21EA6F,9/12/2017,189455
E708E0E,12/15/2017,147552
25B8D565,12/25/2017,185847
3AE54710,11/20/2017,138907
2C68D6D0,8/16/2017,191879
1438626E,11/22/2017,191879
1504700B,11/9/2017,138907
2467AF80,10/8/2017,189455
219F1F1E,12/14/2017,172185
2469103F,9/19/2017,141740
3AC0EACA,12/18/2017,166408
1B0D19BD,11/29/2017,191373
7235321,9/7/2017,178394
1AA8589A,8/19/2017,138907
1AEEDF9F,12/2/2017,184019
38AD5445,8/28/2017,148301
15AECB5C,10/3/2017,193499
1388A512,9/3/2017,193499
F86447C,8/15/2017,182555
19034058,8/26/2017,183306
2AFB509C,10/6/2017,137072
37ECECFC,9/21/2017,179521
401D5FC,10/3/2017,181450
1C15CDA1,10/22/2017,138907
16457B5F,11/8/2017,185847
AB97C4B,10/10/2017,143768
826A919,8/3/2017,222124
264BCFBA,9/28/2017,178735
F874960,12/10/2017,173982
A49C504,11/24/2017,211153
2061C64,8/2/2017,145332
11F4D9FE,9/5/2017,150031
11856C86,9/7/2017,219484
2E80C812,12/7/2017,183306
24F16000,11/5/2017,214049
9ACB54B,10/20/2017,186064
681FDA8,8/31/2017,202579
3488D8E8,10/6/2017,141244
3544BB2,12/5/2017,142089
141B0234,9/10/2017,141740
2E3B19E7,8/12/2017,225315
27A2B91E,9/21/2017,158770
30B60A11,9/14/2017,129446
1499D362,9/23/2017,166408
23CDD2A8,11/24/2017,194505
1EB7FCA6,8/1/2017,151269
296394F3,10/6/2017,213702
22529B08,11/21/2017,137072
C6D2846,9/29/2017,195053
10588DA,8/20/2017,155500
225F90D4,9/17/2017,217190
2F71DC3A,11/15/2017,181450
1CCF3FBF,11/27/2017,194505
2D5E88A6,12/31/2017,167688
1CD0E367,9/28/2017,200172
951C2AC,11/19/2017,206439
123D143E,9/16/2017,153716
2C68D6D0,11/7/2017,182555
2B854D2D,10/17/2017,183306
1C956B0A,10/26/2017,158319
2D9DACCA,12/4/2017,197201
37F00BA3,9/1/2017,214049
83DBFC,10/17/2017,191879
2F123FEA,12/30/2017,183306
148E21D4,12/11/2017,166102
1029FC6,9/2/2017,160639
87B1BBA,10/1/2017,155500
1499D362,9/6/2017,158319
25503927,9/19/2017,200172
1F2C7DCA,8/15/2017,195053
27AFB329,11/10/2017,166102
3AC0EACA,8/15/2017,155500
924719E,11/8/2017,153716
24E4CC72,11/18/2017,185847
8608F6A,11/20/2017,222124
141B0234,10/21/2017,215392
21CBAD0E,9/26/2017,198742
362D796F,11/7/2017,145748
33B45FB4,10/7/2017,173025
986F05F,12/8/2017,135119
2D774CA4,10/28/2017,124549
26C2EE87,10/28/2017,135119
11674E59,12/27/2017,148301
9DDF297,10/10/2017,200172
24E4CC72,8/24/2017,169942
3424B614,11/10/2017,179521
3A50CFD6,11/5/2017,214049
4B72674,12/15/2017,215392
C6CA8B8,11/29/2017,142089
233228B6,12/4/2017,198206
33A7713B,8/28/2017,173025
13BB50BB,8/23/2017,214049
12C780EF,10/15/2017,126412
153641C4,8/9/2017,166408
21B76D04,8/19/2017,141740
25D999D6,11/3/2017,138907
1901A6DE,11/23/2017,178735
118469CB,9/4/2017,138907
3882A39A,10/8/2017,181610
1CD0DCC4,12/1/2017,215392
29C65CB1,10/28/2017,191308
22385F02,9/19/2017,191373
3424B614,8/5/2017,158319
2738603D,10/19/2017,141244
1AB50C54,11/8/2017,195053
2A1AB2AA,8/22/2017,135119
2F123FEA,11/3/2017,138907
8D41203,9/13/2017,129446
19C4A537,12/1/2017,145332
1B02A901,8/29/2017,124549
1153B3E1,12/2/2017,191373
9C4465D,10/14/2017,219484
16851767,9/16/2017,167688
358B60D1,10/28/2017,151661
374E77C6,11/8/2017,221278
21CBAD0E,9/28/2017,225315
6C6C1DA,8/7/2017,178394
12FA7697,9/30/2017,206439
29475B95,11/17/2017,194505
268229DF,10/15/2017,225315
7E3C464,10/27/2017,151269
26514935,9/12/2017,217190
3828F54E,10/6/2017,172185
27D540B7,8/9/2017,179521
25B8D565,12/6/2017,124549
1B3B5435,9/7/2017,137551
360F290C,11/21/2017,191879
8D41203,10/31/2017,200573
2BD7A4,8/14/2017,176256
20DEC9F2,8/31/2017,155582
943CADB,8/20/2017,148301
1BFBCEFB,11/19/2017,212118
379D8189,9/6/2017,166102
19C4A537,10/7/2017,186796
16B1078D,12/18/2017,182555
2AB62406,9/2/2017,124549
201173E6,8/7/2017,198742
2E4D655F,9/9/2017,213702
11470AAD,8/5/2017,145748
D87AAD3,11/18/2017,128697
1029B72F,9/10/2017,164260
469D8C0,8/4/2017,151269
2F2C7788,12/6/2017,148301
CACD9D7,12/10/2017,167688
102FC773,11/9/2017,137072
1DBE1FF7,11/16/2017,222124
1F53109B,10/24/2017,158319
20A34F18,11/16/2017,141740
1499D362,10/28/2017,141861
32005390,12/14/2017,202579
20E428CC,11/14/2017,204552
395A11D1,10/21/2017,158770
223195DD,8/10/2017,182555
23606DD3,11/26/2017,150031
14E820E,12/28/2017,198742
E708E0E,9/8/2017,200172
EB82BA4,10/27/2017,182555
100024A0,11/9/2017,206439
32DE6583,8/28/2017,204552
2F6973E0,10/11/2017,179521
1B0F217F,11/26/2017,126412
1BA27961,9/2/2017,191879
313985FA,9/28/2017,129446
482E3D1,12/21/2017,153716
23D7AAE7,11/29/2017,187907
1797EE85,8/18/2017,124549
2FFF30B6,12/24/2017,151661
233228B6,8/24/2017,182555
1C5680FE,10/27/2017,143768
3700D2A2,10/22/2017,157310
1E039A2A,11/1/2017,183306
24575A2A,10/20/2017,141244
185C9283,10/17/2017,191879
DB17A82,10/13/2017,182555
30EBB237,11/30/2017,143768
1C956B0A,8/11/2017,215392
24575A2A,10/15/2017,122451
29475B95,9/21/2017,128697
8D41203,10/30/2017,122451
8E86E90,8/9/2017,213702
2E097EC8,9/18/2017,151269
21E5848C,11/3/2017,212118
1CA6C3D9,10/26/2017,189455
2995085C,10/28/2017,162348
148E21D4,9/13/2017,215392
1387378E,10/10/2017,124549
22EAAE2F,11/21/2017,137072
12FDB954,10/5/2017,150031
2A19FB07,12/17/2017,198742
1CF79FF2,8/22/2017,140219
249B3DD9,9/6/2017,193499
1B1B57B9,12/8/2017,187907
2ADC98B0,9/27/2017,124549
102FC773,10/7/2017,222124
3AECAB5D,9/12/2017,145332
241F21FE,11/2/2017,200573
1ACF9B51,12/10/2017,173982
36ECD302,9/13/2017,164260
3782DCC3,10/23/2017,178394
225F90D4,9/24/2017,142089
27533A35,9/4/2017,213228
102FC773,10/29/2017,122451
1F611158,12/22/2017,140219
3C19E40,10/3/2017,143768
280C31FA,11/17/2017,126412
1F7C4F96,8/24/2017,135119
2B854D2D,10/15/2017,173982
237568AA,9/5/2017,191879
3AFDB1BC,8/26/2017,193499
2169EE5A,10/21/2017,206439
D683EBF,8/1/2017,131559
3ED463F,9/26/2017,145748
25B6E82D,12/21/2017,215392
26C2EE87,9/24/2017,179521
17C7366C,10/4/2017,157310
681FDA8,12/2/2017,166102
39FC9DE9,12/19/2017,223062
7387B25,11/1/2017,183306
D53487D,9/27/2017,191373
1F2607FE,8/4/2017,181610
CF96A4F,12/10/2017,150031
31622151,12/5/2017,194505
F21EA6F,8/31/2017,166408
2137F9E2,11/18/2017,167688
12A1C0BF,9/13/2017,155582
185C9283,12/1/2017,151269
2DC7008,9/27/2017,157310
1925B22C,12/8/2017,137551
237446F5,9/8/2017,184019
1E206338,10/15/2017,155500
2BD7A4,9/15/2017,158770
2BDBB093,11/30/2017,214049
10DB1BC,8/19/2017,213702
1FF41476,11/21/2017,181450
16E0DA71,8/14/2017,155500
360F290C,8/18/2017,147552
1249444F,11/7/2017,219484
3B98BCE4,9/1/2017,173025
262169C5,10/31/2017,221278
33A7713B,10/11/2017,193499
1E768527,9/24/2017,225315
FEE620A,8/4/2017,212118
3700D2A2,8/26/2017,158319
25B6E82D,11/27/2017,166102
D98F73A,12/17/2017,189455
39745585,12/7/2017,148301
E708E0E,12/19/2017,212118
1E6E616F,9/10/2017,212118
20665BD3,12/10/2017,194505
2D774CA4,12/7/2017,143768
4284AD6,9/24/2017,178394
4E45B14,11/6/2017,173982
2DA4DDE2,12/25/2017,195053
2804007,12/15/2017,204552
D860D0F,11/4/2017,140219
13EE3462,8/6/2017,176256
115FC44A,10/6/2017,153716
219F1F1E,8/1/2017,135119
F874960,8/25/2017,155582
36F71D7B,10/8/2017,129446
1C0D4A72,10/9/2017,155500
19A7BFA7,11/30/2017,129446
18040B26,8/28/2017,138907
F62330E,12/28/2017,191373
1F71C97,9/6/2017,128697
1089FCF6,12/22/2017,158770
1297D0F5,10/27/2017,217190
2469103F,9/7/2017,191787
374E77C6,10/20/2017,151661
518FFBE,12/20/2017,182555
9F9F5DC,11/22/2017,200573
3B247147,9/16/2017,219484
21B76D04,11/3/2017,176256
1C61915F,12/9/2017,151661
11F4D9FE,9/11/2017,173982
1388A512,9/17/2017,198206
16BD3D76,11/26/2017,122451
1A42A971,9/30/2017,160639
20D7DF7C,12/6/2017,126412
D35281,8/6/2017,191787
237446F5,8/27/2017,167688
22FF94A2,8/2/2017,191373
11DBF59C,11/7/2017,172185
229B5AAE,9/4/2017,214049
7FC809F,10/20/2017,194505
826A919,12/19/2017,178735
191D40A2,12/14/2017,147552
53B57A7,10/5/2017,150031
30EBD70E,11/26/2017,225315
220C9FFC,9/16/2017,141740
37ECECFC,8/23/2017,140219
20E428CC,9/14/2017,191308
3B55083D,11/20/2017,153716
3C19E40,12/11/2017,215392
1C907AB8,9/12/2017,151269
1FCDE80B,11/12/2017,186796
2FB8C2F9,10/8/2017,197201
AE6DA99,8/17/2017,182555
12FDB954,12/3/2017,184019
29D93D54,8/21/2017,153716
D981702,11/26/2017,204552
2385E2EF,9/13/2017,147552
18F899D3,11/19/2017,138907
1C595435,9/25/2017,151661
F429D34,12/6/2017,198742
56747BB,10/26/2017,142089
2804007,9/13/2017,181610
1063FAFB,9/28/2017,178394
1EA4A2F1,11/5/2017,214049
E64C422,10/17/2017,138907
11ABB9FD,8/25/2017,213702
1FDE1F74,8/7/2017,179521
6C24264,12/10/2017,141861
12FA7697,8/9/2017,131559
E6AD830,12/24/2017,191373
1388A512,9/15/2017,193499
12FDB954,10/29/2017,197201
31622151,8/15/2017,151661
21E5848C,12/18/2017,186796
693287,9/16/2017,135119
118A9ADE,10/15/2017,211153
FDB9291,9/23/2017,191879
F444481,10/14/2017,200172
3C3C8F7,12/11/2017,191787
254A94AA,8/8/2017,138907
F21EA6F,10/21/2017,213702
14608B65,11/22/2017,158770
1769DAD7,11/27/2017,204552
2D774CA4,10/5/2017,214049
71DF1FB,10/10/2017,164260
3AFDB1BC,11/5/2017,215392
F92328D,10/27/2017,141740
D1E74A9,12/5/2017,158319
18028E1D,12/22/2017,172185
74EB484,12/16/2017,142089
8E86E90,8/23/2017,204552
6D9B874,10/17/2017,182555
16B1078D,10/2/2017,184019
231C9B0C,9/5/2017,194505
1512C95A,11/29/2017,213702
1A9E58A1,10/19/2017,138907
10506062,10/13/2017,128697
1E6E616F,10/16/2017,185847
464E359,9/20/2017,213702
19089F8E,9/3/2017,186064
2532DC8C,10/22/2017,191787
1213F002,8/26/2017,167688
C9325B1,8/12/2017,204552
314E2CB7,10/6/2017,219484
6C6C1DA,9/25/2017,141861
3B14659D,11/28/2017,214049
2E43D17E,11/1/2017,124549
3B247147,8/24/2017,182555
20D7DF7C,9/10/2017,129446
C06CB9,10/10/2017,176256
1BA27961,9/6/2017,155582
1C0D4A72,12/16/2017,166408
1D0E756C,10/31/2017,223062
1E581FD7,12/13/2017,160639
71DF1FB,12/20/2017,166102
27D9B886,10/9/2017,213228
1499D362,10/6/2017,182555
10FDAD0,12/12/2017,126412
1B3B5435,11/2/2017,169942
16C3396E,11/25/2017,129446
21E5848C,9/10/2017,148301
10CF94E6,8/27/2017,184019
2FF0239,9/16/2017,178394
1CD0E367,9/9/2017,189455
98453D,8/8/2017,128697
3B14659D,11/3/2017,213228
30074A6D,11/3/2017,172185
31485211,9/17/2017,214049
2DBACA5E,8/15/2017,200172
8E17631,10/28/2017,181450
2DA4DDE2,10/8/2017,225315
21999522,9/22/2017,215392
340C62,10/23/2017,122451
56747BB,10/1/2017,164260
4B72674,12/24/2017,193499
1F611158,12/29/2017,179521
F7593B7,8/6/2017,181450
38E2A6B4,9/6/2017,223062
52DDC7F,9/2/2017,155582
11F7D29D,9/3/2017,164260
13EE3462,9/28/2017,181450
6D9B874,11/26/2017,206439
642AACF,11/16/2017,186796
452924B,12/4/2017,131559
283D51EF,12/8/2017,183306
1063FAFB,8/17/2017,219484
11F4D9FE,8/6/2017,129446
FD35841,11/5/2017,178735
7DD3293,10/31/2017,189455
28354BB8,10/2/2017,186064
19BB0F1B,10/5/2017,195053
25B8D565,10/11/2017,183306
18B4350A,8/17/2017,202579
30074A6D,12/14/2017,191373
2B146FCD,9/2/2017,173982
11674E59,10/7/2017,204552
2137F9E2,11/2/2017,155582
AEA5FBF,12/31/2017,191308
1C031332,11/15/2017,200573
312F180C,9/15/2017,182555
1D45779C,10/29/2017,150031
1D173845,12/29/2017,186796
308F92E9,11/16/2017,194505
26EA1962,12/13/2017,137072
217A1B6F,12/23/2017,166102
36A5FC9F,8/23/2017,122451
727994C,9/30/2017,128697
2E3B8447,9/24/2017,213228
2823ACA0,8/30/2017,179521
1AB50C54,8/25/2017,138907
1B2A9659,11/13/2017,195053
1E5EBD65,11/10/2017,179521
6178FEB,12/31/2017,179521
AEA5FBF,11/26/2017,151661
25B8D565,11/11/2017,137551
1251AA9,8/10/2017,195053
3A566109,10/23/2017,193499
31F7C267,9/16/2017,181450
361C190C,12/20/2017,137551
B6358B2,10/2/2017,148301
17334E0E,9/3/2017,173025
154F69C2,11/30/2017,178394
858950C,12/15/2017,212118
1086AF0F,10/28/2017,214049
16BD3D76,12/16/2017,211153
42F4538,9/6/2017,141244
2FB8C2F9,12/25/2017,186064
24E4CC72,11/14/2017,145748
1606F1C4,11/10/2017,164260
1A10D861,8/18/2017,157310
56747BB,9/4/2017,189455
92E1FFB,12/29/2017,202579
25BDF11E,8/1/2017,206439
3544BB2,8/10/2017,225315
39745585,12/23/2017,155582
1CD0DCC4,8/12/2017,223062
1AB563D9,10/30/2017,147552
2CE69C8,11/14/2017,157310
2F2C7788,8/1/2017,155582
2E4D655F,11/14/2017,158770
16AAE594,9/2/2017,212118
3B95D245,11/14/2017,162348
826A919,12/30/2017,217190
25D6EB26,10/13/2017,221278
39BBE039,12/15/2017,158319
268229DF,11/13/2017,198206
36723E6F,11/27/2017,129446
64C666F,9/11/2017,213702
144FFEA8,10/20/2017,223062
1C2AE064,9/18/2017,172185
2008D72D,11/26/2017,162348
120C8650,9/24/2017,151661
14226B68,9/27/2017,131559
149E484E,8/28/2017,135119
F21EA6F,9/23/2017,142089
33E17BFC,11/15/2017,155500
34A427F9,10/30/2017,187907
130860B2,12/20/2017,213702
F175A0A,11/7/2017,191787
2F8B0B5B,11/7/2017,225315
3718BF40,8/11/2017,200172
950260A,11/8/2017,189455
25B8D565,11/19/2017,141861
1608F729,10/23/2017,137072
3798EC9,12/23/2017,164260
39C61CC3,11/5/2017,198742
1C956B0A,9/17/2017,172185
14608B65,8/17/2017,150031
3B3572DC,8/25/2017,158770
33E9AA50,10/17/2017,194505
1C2AE064,12/13/2017,191879
1ACAD808,8/29/2017,151269
17C7366C,9/23/2017,122451
20724F0D,12/11/2017,167688
2F123FEA,10/9/2017,162348
D71340C,8/20/2017,141740
1BE4D02E,11/15/2017,147552
1F3025F9,11/12/2017,145748
2F9C90A2,10/12/2017,198206
37221D35,8/27/2017,153716
4E45B14,12/14/2017,173025
154F69C2,8/23/2017,219484
1CAEEC47,10/10/2017,169942
DBC51AE,12/16/2017,167688
148E21D4,12/2/2017,157310
36723E6F,10/1/2017,186796
2D046D36,12/11/2017,124549
201F270E,12/28/2017,150031
D0052DD,8/6/2017,189455
173E32A9,10/27/2017,147552
230F77A5,8/31/2017,158770
584F14B,9/25/2017,213702
CA9D3BC,9/20/2017,191787
3565D140,9/3/2017,145332
1CF79FF2,10/16/2017,225315
770479F,10/13/2017,147552
2467AF80,12/23/2017,181610
1BE4D02E,11/18/2017,162348
1C61915F,8/29/2017,142089
98453D,11/20/2017,193499
A9FF762,10/31/2017,198742
25503927,9/13/2017,155582
D71340C,8/23/2017,143768
10810862,10/20/2017,158319
32B963D9,9/30/2017,198742
1FF5678E,9/1/2017,138907
B7BF6B2,12/14/2017,138907
12A1C0BF,8/6/2017,187907
503523B,11/12/2017,145748
1CE1F653,12/14/2017,198206
2FF0239,8/24/2017,141244
15B641C7,10/2/2017,169942
B836DB9,8/16/2017,191373
BD6E93C,12/28/2017,160639
1F53109B,12/3/2017,160639
4B3FC23,10/21/2017,189455
280C31FA,10/27/2017,182555
218DE8B9,9/25/2017,198742
39745585,12/24/2017,178735
3C19E40,12/15/2017,194505
717D4E6,10/20/2017,137551
F9E8241,11/15/2017,198206
3EDE744,9/10/2017,173025
89D79BC,8/14/2017,212118
26DF7F98,12/26/2017,206439
203DF735,9/18/2017,173025
1606F1C4,11/16/2017,140219
2AB62406,8/26/2017,214049
1504700B,8/23/2017,186796
642AACF,9/16/2017,143768
2C50A4BF,12/5/2017,142089
2E9C537,12/30/2017,213702
FDB9291,11/8/2017,202579
312F180C,12/4/2017,191787
3C7E4EB,12/16/2017,182555
245D88F7,8/12/2017,131559
8D41203,8/17/2017,164260
642AACF,9/7/2017,223062
19C4A537,8/2/2017,150031
2E8A648C,12/26/2017,191787
5199D8C,8/20/2017,183306
2A19FB07,9/15/2017,193499
21E2F385,10/27/2017,140219
283D51EF,12/9/2017,166102
2532DC8C,11/2/2017,198206
2DBACA5E,9/22/2017,169942
89A6899,9/19/2017,195053
F92328D,10/18/2017,142089
89A6899,12/27/2017,160639
2279FB16,9/4/2017,157310
1F4DA234,9/1/2017,198206
1444C598,8/30/2017,176256
20F76A6A,9/19/2017,137551
355E981C,9/18/2017,204552
38B0EAAD,10/13/2017,141740
30CE3C6F,10/23/2017,186064
364C45C9,12/17/2017,155500
39D656ED,12/30/2017,213702
684138A,9/28/2017,191787
9F9F5DC,11/12/2017,140219
359A4256,11/20/2017,126412
2C764FD,8/2/2017,157310
37ECECFC,11/1/2017,215392
F346022,10/30/2017,191879
2BF34FFE,10/23/2017,141244
22A95C72,11/26/2017,167688
2A8E7F90,8/16/2017,122451
1C0D4A72,10/22/2017,214049
14DB602F,10/16/2017,145332
4B72674,8/21/2017,151661
3AE54710,8/25/2017,160639
2AB20162,8/4/2017,129446
2E52C07B,12/29/2017,185847
FFA8A5F,11/18/2017,166408
3A4B3B90,11/18/2017,223062
A9FF762,12/25/2017,198742
CE9E489,12/29/2017,151661
32A1BE1D,10/19/2017,158770
153641C4,10/19/2017,128697
21AF0E3C,12/14/2017,169942
10506062,8/13/2017,173982
1B2A9659,11/14/2017,185847
2E242506,12/24/2017,212118
144FFEA8,11/23/2017,194505
82F4C12,8/27/2017,181610
27768253,8/14/2017,141740
32A1BE1D,12/17/2017,137072
313985FA,12/3/2017,173025
1EA4A2F1,9/20/2017,137551
F8023B4,12/27/2017,212118
196419AD,9/8/2017,217190
18AC2B4B,9/29/2017,122451
33B9816C,12/30/2017,183306
2C034FC9,10/21/2017,150031
305E571C,9/28/2017,142089
2AB2914,10/19/2017,223062
B48B84,11/16/2017,183306
23CDD2A8,10/17/2017,178735
21CBAD0E,11/28/2017,173025
2FF0239,8/27/2017,137551
15B29E82,10/27/2017,166102
2BD8ED61,9/22/2017,204552
1176C301,11/26/2017,142089
684138A,12/7/2017,191373
11DBF59C,8/14/2017,181610
235517E9,12/4/2017,197201
16BD3D76,12/31/2017,158770
EBDEA7D,11/9/2017,137551
52A8C34,12/30/2017,166408
BFC8251,10/14/2017,193499
E6AE60D,10/22/2017,158770
C6D2846,11/21/2017,189455
36723E6F,9/11/2017,145332
35A8293C,10/6/2017,143768
18C91273,9/25/2017,197201
E544E0A,11/29/2017,151661
22791D11,11/14/2017,164260
2F936B1,8/13/2017,214049
2B9390E1,8/24/2017,178394
24F85321,12/29/2017,138907
2E52C07B,12/3/2017,151661
356BDDD0,10/22/2017,181450
37DE495D,10/21/2017,158770
36ED0D17,8/17/2017,143768
2169EE5A,11/8/2017,193499
149E92F7,11/5/2017,122451
7E3C464,10/3/2017,189455
2FBC8DA8,11/21/2017,137551
2AB20162,10/27/2017,145332
810820C,12/31/2017,153716
308F92E9,11/19/2017,155500
1AF9127B,8/2/2017,215392
32DE6583,8/5/2017,142089
3745180,11/20/2017,223062
2738603D,8/16/2017,191308
7B2432B,10/28/2017,178394
A0847A5,10/8/2017,183306
7577C6E,12/5/2017,162348
39920906,10/2/2017,172185
27FFC125,10/4/2017,145748
31D4FA88,11/16/2017,217190
3A4B3B90,11/24/2017,223062
157F38C8,10/26/2017,187907
D53487D,12/8/2017,140219
E6AD830,12/30/2017,128697
22791D11,12/31/2017,200172
3493918F,10/23/2017,202579
30D8ED8C,8/6/2017,219484
12FD1002,11/6/2017,181610
20D7DF7C,11/25/2017,211153
14E2A038,10/12/2017,138907
3AE54710,10/26/2017,131559
3493918F,9/22/2017,191879
681FDA8,10/26/2017,137072
EB82BA4,10/10/2017,183306
38376145,11/26/2017,129446
351E02CE,12/23/2017,204552
29246CC5,9/13/2017,166102
6AB5EEA,9/18/2017,140219
2C3C9135,9/19/2017,195053
2B146FCD,11/7/2017,197201
24F8AFBA,11/20/2017,141861
90C83EC,8/28/2017,162348
18F899D3,12/1/2017,219484
21BAE7C,12/19/2017,122451
FC3A2CC,12/23/2017,158770
1875A78D,9/13/2017,160639
C2A600,10/31/2017,151269
D0BFB77,9/16/2017,142089
4E45B14,10/14/2017,141740
3B14659D,9/21/2017,131559
2E52C07B,9/4/2017,186796
518FFBE,12/30/2017,166102
3FADB17,12/9/2017,195053
3AECAB5D,11/18/2017,197201
EB82BA4,11/18/2017,141861
52DDC7F,10/8/2017,191373
E544E0A,10/16/2017,166408
288138B6,8/20/2017,141740
2DC7008,12/3/2017,140219
2ED0CB54,8/3/2017,167688
3403ADF5,10/19/2017,155582
39D656ED,12/31/2017,189455
1086AF0F,8/9/2017,212118
14608B65,11/11/2017,178394
37ECECFC,10/25/2017,191373
1F53109B,12/10/2017,222124
362D796F,9/27/2017,195053
22F8BF74,10/23/2017,155500
339C055,9/19/2017,215392
464FAB5,11/16/2017,155500
2DEFA40B,10/28/2017,191373
2CE69C8,11/10/2017,221278
5199D8C,10/28/2017,222124
28354BB8,10/5/2017,223062
2828AEC3,12/28/2017,169942
2823ACA0,11/12/2017,158319
2AB62406,10/14/2017,160639
2BF34FFE,10/11/2017,178735
56747BB,9/29/2017,195053
1DFFCB72,12/10/2017,126412
22EAAE2F,8/4/2017,178394
7D636E9,11/19/2017,151661
30B60A11,10/26/2017,173982
16457B5F,8/8/2017,184019
1F7C4F96,12/22/2017,172185
10FDAD0,11/5/2017,200172
26E74DC0,8/5/2017,195053
2738603D,8/14/2017,186064
D71340C,10/2/2017,187907
351E02CE,11/18/2017,126412
2A8E7F90,11/13/2017,176256
9DDF297,8/4/2017,176256
1DE59D5D,8/1/2017,191308
201B9055,8/5/2017,129446
2EE69297,11/11/2017,221278
2B82B9CB,12/24/2017,194505
2B9390E1,10/29/2017,166408
3488D8E8,11/7/2017,198742
3599616D,9/10/2017,221278
2DEFA40B,12/15/2017,148301
2EEEB8EB,12/11/2017,204552
130860B2,10/5/2017,169942
2BE33480,9/16/2017,198742
223195DD,9/27/2017,193499
22EFE04B,10/5/2017,204552
2050880,8/25/2017,150031
24B74AF7,9/28/2017,198742
482E3D1,11/21/2017,167688
2CF8B502,8/16/2017,151661
B022F71,12/9/2017,223062
16E0DA71,11/25/2017,225315
3B285A29,11/28/2017,198742
26EA1962,11/24/2017,221278
33C4C7C0,12/1/2017,211153
70DAEC3,8/11/2017,215392
7C77DDD,12/11/2017,219484
32C4FF2B,10/29/2017,189455
227868A9,9/20/2017,200573
35385D9F,12/9/2017,193499
29D93D54,11/17/2017,167688
7235321,12/30/2017,193499
330BD721,9/14/2017,141740
2C764FD,8/21/2017,181450
2AC50B7B,12/22/2017,167688
30CE1734,8/28/2017,200172
18F899D3,8/3/2017,200573
3A82700C,9/8/2017,200573
241F21FE,10/9/2017,186064
2E9A860B,9/2/2017,164260
A927D65,12/30/2017,193499
1333F59C,9/19/2017,148301
29D93D54,11/27/2017,158770
1F71C97,8/21/2017,147552
E6AD830,8/26/2017,198206
351E02CE,12/20/2017,164260
25923815,11/3/2017,213228
33C4C7C0,9/16/2017,137072
317F7BF2,11/29/2017,173982
25D6EB26,12/15/2017,148301
21827597,12/7/2017,137551
228DD5F8,9/9/2017,124549
261789FA,12/19/2017,204552
469D8C0,11/16/2017,162348
2FBC8DA8,11/16/2017,212118
27533A35,12/22/2017,137551
36360A97,8/8/2017,126412
1CFC45FA,8/1/2017,151661
1CFC45FA,10/12/2017,182555
24F85321,9/3/2017,193499
5825728,11/7/2017,200573
C6CA8B8,10/23/2017,215392
83D30C7,9/22/2017,145748
2744A22F,11/8/2017,153716
19014584,11/19/2017,191373
F9E8241,11/24/2017,211153
2D129C00,11/26/2017,166102
25026E3C,12/27/2017,191879
3854997F,12/2/2017,181450
E21CC76,10/26/2017,198206
1272BD43,8/29/2017,181450
1BA27961,11/14/2017,191879
1CBE2FB9,12/26/2017,141244
3AC0EACA,11/22/2017,215392
2EF057D2,9/21/2017,167688
A1D7D69,12/30/2017,141740
2E9C537,10/21/2017,150031
1E5EBD65,10/20/2017,173982
FB07696,11/7/2017,166102
362D796F,9/9/2017,182555
3403ADF5,10/29/2017,194505
34C372B8,12/15/2017,145332
1CB94B51,9/26/2017,169942
340C62,10/9/2017,186064
1DE59D5D,10/9/2017,164260
38900A41,11/15/2017,225315
3599616D,8/10/2017,195053
1AB563D9,12/17/2017,183306
3828F54E,12/3/2017,193499
CACD9D7,8/11/2017,198742
D71340C,8/20/2017,155500
37F550B3,12/4/2017,167688
3700D2A2,9/21/2017,176256
31B4250E,8/12/2017,195053
14E820E,9/11/2017,183306
33C4C7C0,9/4/2017,155500
324E1441,11/5/2017,128697
11F38C7F,11/5/2017,206439
1B0F217F,12/30/2017,200573
16DDF1A8,10/28/2017,164260
20F0103B,11/7/2017,225315
3828F54E,8/10/2017,193499
13FB7349,8/15/2017,172185
1E15BFA1,10/11/2017,162348
3565D140,10/10/2017,181450
37F00BA3,12/10/2017,137072
2BF34FFE,11/27/2017,182555
32C4FF2B,8/22/2017,155582
33AFA63A,10/23/2017,222124
39FA882E,8/22/2017,138907
1CD0E367,9/3/2017,182555
FBA571F,10/17/2017,219484
15B29E82,10/16/2017,200573
25F501E9,8/27/2017,217190
17F3BB20,12/28/2017,145332
2BFA6950,12/24/2017,184019
EA3B5D3,9/17/2017,140219
8D41203,9/24/2017,145748
27694262,12/17/2017,122451
CF96A4F,11/13/2017,158770
16A43E17,12/26/2017,182555
268229DF,10/23/2017,181450
2AE009D4,9/10/2017,191787
1606F1C4,11/26/2017,141861
22FF94A2,10/6/2017,217190
3B247147,8/6/2017,153716
1B2A5293,12/26/2017,191879
A9FF762,12/14/2017,215392
2E8A648C,11/30/2017,221278
2CE62157,12/6/2017,158770
1C2AE064,11/8/2017,151661
1727BE8B,12/5/2017,217190
727994C,10/25/2017,215392
3D37D85,9/20/2017,186796
2EAC6EED,9/10/2017,141740
2EEEB8EB,11/27/2017,143768
300A843F,11/29/2017,143768
D40BD50,11/29/2017,206439
F86447C,12/7/2017,124549
6C6C1DA,10/16/2017,179521
29274BDC,9/29/2017,142089
48B9C9B,11/17/2017,186064
247A7BA6,9/5/2017,158770
2C64805E,9/15/2017,176256
1F2607FE,12/5/2017,212118
2AEB5745,11/1/2017,182555
64C666F,10/27/2017,173025
37D1B42E,9/21/2017,204552
30CE3C6F,9/18/2017,200172
1440D4D1,10/12/2017,191879
1D0E756C,8/25/2017,204552
22791D11,12/3/2017,212118
32B963D9,9/3/2017,194505
10DB1BC,8/30/2017,197201
164188B,12/25/2017,185847
9E7F433,11/17/2017,166102
15B9292D,10/20/2017,145748
28BE84C7,8/22/2017,176256
DD26571,11/30/2017,124549
118A9ADE,11/1/2017,178394
2758E19B,8/16/2017,158770
52DDC7F,9/19/2017,141740
30074A6D,10/7/2017,181450
18F899D3,11/18/2017,191879
20F76A6A,10/2/2017,176256
28384E,8/17/2017,191308
30EBB237,9/3/2017,137072
2804007,10/10/2017,169942
1AB563D9,10/17/2017,191308
27C53FB6,8/16/2017,160639
DAD6F72,8/10/2017,176256
1158B1DA,11/4/2017,200573
1504700B,8/7/2017,178394
2D9BF7F,10/29/2017,129446
256D74CD,8/10/2017,211153
254A94AA,10/28/2017,167688
83D30C7,12/27/2017,164260
2804007,12/22/2017,191308
2209DFDE,11/2/2017,185847
779ABAA,11/30/2017,162348
1F3025F9,9/11/2017,204552
1438626E,9/5/2017,162348
230F77A5,10/23/2017,135119
3EDE744,10/5/2017,141740
320A5CF1,9/16/2017,221278
254A94AA,9/14/2017,151269
29DB671,12/25/2017,173025
32B963D9,12/2/2017,198742
570B6CA,12/31/2017,141740
2EF17CC3,11/24/2017,151661
D0B15C5,11/22/2017,191308
1078F17D,12/2/2017,181610
F7AA880,12/29/2017,197201
13FB7349,9/21/2017,173025
A2AE944,8/11/2017,225315
32A1BE1D,10/9/2017,176256
1344DAB4,9/28/2017,182555
1DFFCB72,10/20/2017,173982
1D2E3E37,11/3/2017,157310
33CAFD26,10/22/2017,211153
18B4350A,9/14/2017,155500
1E2FA29D,10/12/2017,215392
3B36B9FA,10/15/2017,157310
23D7AAE7,11/8/2017,155500
2CE69C8,10/8/2017,158319
1F53109B,12/15/2017,147552
7FC809F,9/10/2017,211153
15AD614F,11/12/2017,142089
379E2754,9/30/2017,221278
1425B399,10/23/2017,164260
22A95C72,11/24/2017,164260
2CF1645B,8/30/2017,186064
36ED0D17,9/16/2017,197201
2A04DB5E,9/29/2017,122451
71DF1FB,11/15/2017,178735
84FA156,8/26/2017,151661
199E215,11/27/2017,217190
3B8C788E,9/25/2017,213702
16B3ED7F,12/30/2017,122451
15B2CE5F,12/24/2017,155582
7F7E75,10/21/2017,135119
320F9D72,11/27/2017,200573
2E43D17E,8/28/2017,212118
1D512CC0,9/30/2017,124549
231C9B0C,8/23/2017,173025
3ABD6823,11/29/2017,182555
1CC5F8E4,9/16/2017,195053
3B56F764,8/5/2017,131559
2EC4DABF,10/28/2017,145332
1CAEEC47,8/20/2017,173982
2B820DDD,10/27/2017,211153
27068844,9/12/2017,193499
3B4DB15E,11/10/2017,158770
2DC7008,11/2/2017,200172
225F90D4,10/14/2017,183306
1F56E9E9,10/17/2017,223062
36ED0D17,11/13/2017,173982
CF96A4F,10/25/2017,128697
31D44625,9/15/2017,145332
140FBB,10/11/2017,181450
1FF5678E,11/13/2017,169942
264BCFBA,9/2/2017,225315
3927888C,9/6/2017,141740
1C84565,9/4/2017,162348
223701D,10/27/2017,186064
30EBB237,12/21/2017,178735
2B4CE0A9,8/12/2017,217190
103F612F,12/4/2017,213228
123D143E,9/12/2017,150031
23F94951,11/30/2017,195053
8D70DB6,10/24/2017,181450
FBA571F,12/4/2017,166102
261789FA,11/25/2017,211153
31D44625,12/15/2017,135119
2BD8ED61,11/29/2017,151269
27AA1B9E,10/29/2017,145332
2C6D0984,12/18/2017,191879
1187B358,9/28/2017,212118
4284AD6,9/16/2017,186796
18C91273,12/11/2017,183306
A1D7D69,9/30/2017,129446
36ED0D17,9/29/2017,145332
11C5F00D,9/5/2017,219484
24F85321,8/18/2017,151661
2E9C537,12/17/2017,140219
36F6DCA0,10/14/2017,221278
33CAFD26,8/7/2017,122451
9D1DDA6,11/3/2017,178394
19C7BE34,10/13/2017,222124
1213F002,9/22/2017,141861
31D44625,8/18/2017,212118
2C8ABAFC,11/21/2017,223062
401D5FC,8/11/2017,221278
2D2AB12C,12/17/2017,186064
308F92E9,8/2/2017,217190
14E926ED,10/18/2017,129446
288138B6,12/5/2017,166408
428931E,11/17/2017,172185
201F270E,12/7/2017,141244
3B3572DC,9/12/2017,126412
A53617B,9/1/2017,124549
1D173845,11/17/2017,142089
2ED0CB54,10/11/2017,151269
184FBA47,11/19/2017,198742
226BF112,11/30/2017,186796
23CDD2A8,11/1/2017,137551
16456D69,12/28/2017,151269
1029FC6,12/26/2017,191308
1C61915F,10/31/2017,221278
2AB2914,9/13/2017,147552
25D999D6,12/18/2017,158319
1063FAFB,12/22/2017,223062
3A189875,10/7/2017,183306
3432C9DE,10/13/2017,141740
358B60D1,8/3/2017,202579
AFE1F77,10/24/2017,141861
308F92E9,10/24/2017,191879
A1685F2,12/25/2017,178394
3798EC9,10/6/2017,141244
2AE009D4,10/15/2017,198742
2D2C9865,10/20/2017,204552
2008D72D,10/19/2017,211153
10FDAD0,12/10/2017,172185
1CF65333,12/17/2017,194505
2536BE5C,8/2/2017,179521
3798EC9,8/18/2017,198742
17C7366C,9/6/2017,126412
32C4FF2B,8/1/2017,219484
264BCFBA,10/8/2017,191879
320F9D72,12/20/2017,140219
3010EA80,9/18/2017,122451
452924B,10/8/2017,197201
3AF1A7B1,12/20/2017,213228
2D6085D9,9/7/2017,187907
30CE1734,8/17/2017,213702
943CADB,9/12/2017,200172
1F6CCDED,12/20/2017,126412
46BE086,8/5/2017,221278
172C8B95,12/17/2017,178394
53B57A7,10/25/2017,191787
5747671,12/12/2017,138907
2D046D36,10/10/2017,169942
5BFED18,9/11/2017,155500
59A2C9,10/2/2017,145748
330BD721,12/21/2017,202579
1AB77E02,9/24/2017,169942
2136AC3,10/13/2017,151269
230F77A5,12/11/2017,142089
82F4C12,10/9/2017,191308
2AEEF11E,9/1/2017,172185
E64C422,10/7/2017,200172
CACD9D7,8/1/2017,157310
31553493,11/22/2017,137551
1CD0E367,11/14/2017,169942
F92328D,11/26/2017,217190
24575A2A,12/26/2017,129446
36ECD302,11/24/2017,211153
13F09B3E,8/9/2017,225315
395A11D1,11/1/2017,186796
31B2BC31,12/11/2017,222124
36ECD302,11/30/2017,186064
1512C95A,11/9/2017,124549
1FF41476,10/8/2017,213228
2E6C6F60,8/31/2017,141861
2136AC3,11/14/2017,126412
27694262,9/12/2017,158319
24F8AFBA,8/6/2017,198206
E6AD830,10/21/2017,214049
3A4B3B90,11/24/2017,189455
14E820E,12/28/2017,217190
23606DD3,10/4/2017,215392
244733F1,11/18/2017,137072
1608F729,9/29/2017,169942
3C3C8F7,8/10/2017,155582
1EB7FCA6,12/13/2017,150031
26DF7F98,8/17/2017,213702
233228B6,12/27/2017,202579
33CAFD26,10/8/2017,150031
2995085C,8/9/2017,145748
1AB563D9,9/14/2017,202579
149E484E,11/2/2017,172185
1A42A971,12/13/2017,179521
23D7AAE7,10/18/2017,212118
89A6899,8/19/2017,173982
C6CA8B8,11/4/2017,193499
395A11D1,10/11/2017,140219
12FD1002,12/29/2017,140219
36360A97,10/31/2017,143768
1D20A942,10/12/2017,189455
32C7AB5F,8/27/2017,200172
2738603D,10/10/2017,202579
1E72DFFF,12/20/2017,124549
13D458FB,8/5/2017,158319
18F899D3,8/29/2017,193499
2E242506,8/9/2017,140219
244733F1,12/8/2017,179521
BDD1B0,9/24/2017,147552
1B0AED8F,8/16/2017,191308
3C3C8F7,11/10/2017,197201
1438626E,9/28/2017,169942
140FBB,10/20/2017,206439
2A04DB5E,10/20/2017,150031
1606F1C4,9/11/2017,222124
3A50CFD6,8/17/2017,194505
6C24264,11/24/2017,173982
19296F43,9/16/2017,158319
14C34279,11/9/2017,184019
2EF17CC3,10/11/2017,202579
169970B4,11/28/2017,150031
2A1AB2AA,12/18/2017,173982
B836DB9,9/27/2017,187907
AB97C4B,10/27/2017,191787
2AAFDF8,12/17/2017,150031
1008BA98,10/9/2017,142089
1444C598,11/10/2017,200172
F92328D,12/21/2017,191879
4CA33AD,9/24/2017,222124
1D20A942,8/2/2017,172185
14218A1A,10/28/2017,173982
482E3D1,8/11/2017,167688
1CFC45FA,12/21/2017,198206
15B9292D,9/17/2017,122451
201FDC72,9/17/2017,194505
2DEC9F0F,8/3/2017,217190
78A665C,11/9/2017,166408
761C522,10/31/2017,179521
288138B6,8/6/2017,194505
103EFA9D,10/15/2017,131559
199E215,11/1/2017,145748
452924B,11/30/2017,214049
2FF6CEC4,11/30/2017,173982
24C669BD,12/10/2017,153716
2D774CA4,10/22/2017,135119
201B6304,8/20/2017,173025
779ABAA,12/21/2017,182555
33485106,8/18/2017,213228
5BFED18,11/29/2017,219484
30EBB237,9/8/2017,198742
12E79130,8/15/2017,178735
2C8ABAFC,11/22/2017,176256
E5CAA38,11/13/2017,214049
360F290C,11/17/2017,141244
24958B97,9/23/2017,150031
2FF6CEC4,10/8/2017,198206
3FADB17,9/16/2017,142089
4CD2BCD,12/18/2017,145332
2C866828,8/13/2017,164260
324E1441,8/25/2017,211153
1EEA4C41,9/3/2017,225315
296394F3,11/13/2017,150031
70DAEC3,12/29/2017,173025
21ACDA95,11/9/2017,225315
395A11D1,12/25/2017,211153
3B14659D,9/16/2017,151661
264BCFBA,11/26/2017,202579
1FCDE80B,8/19/2017,129446
417EE71,11/6/2017,189455
157F38C8,12/16/2017,147552
F8D7EE7,10/1/2017,211153
120C8650,11/29/2017,191373
2B1F305E,9/30/2017,167688
5AC80A9,9/11/2017,166102
2F9F468D,12/16/2017,206439
1C15CDA1,9/14/2017,219484
39BBE039,12/18/2017,173025
1063FAFB,8/30/2017,197201
1F23BB58,11/26/2017,204552
144A193F,9/28/2017,184019
1EE78D72,12/2/2017,131559
E21CC76,10/23/2017,213228
1F4DA234,12/3/2017,189455
6029642,10/21/2017,184019
295C4946,11/9/2017,155582
780290A,9/14/2017,147552
1E5B2774,8/19/2017,204552
16E0DA71,11/17/2017,212118
15B29E82,10/10/2017,185847
2169EE5A,12/23/2017,160639
11856C86,11/14/2017,183306
584F14B,8/13/2017,147552
3B8C788E,9/6/2017,158770
12B510DE,8/12/2017,143768
6AB5EEA,10/30/2017,145332
13A29EFA,11/9/2017,140219
1504700B,9/23/2017,142089
2FF0239,11/23/2017,185847
3782DCC3,8/4/2017,198742
24F99F02,10/13/2017,142089
2455C06,11/3/2017,166408
345DDF64,9/13/2017,173025
2FB8C2F9,11/25/2017,167688
154F69C2,12/1/2017,184019
19F368E3,12/3/2017,202579
27A2B91E,11/26/2017,141861
D1E74A9,12/24/2017,191787
15B9292D,12/7/2017,191373
1A10D861,12/31/2017,183306
F346022,10/23/2017,162348
2EC4DABF,11/11/2017,166408
2F6A689C,12/22/2017,191373
E544E0A,9/12/2017,202579
30CE1734,11/25/2017,166408
52DDC7F,9/22/2017,185847
38900A41,12/25/2017,135119
FC3A2CC,9/26/2017,186064
1813A626,11/11/2017,181450
E21CC76,9/17/2017,206439
199E215,11/3/2017,222124
D0CD1AD,8/28/2017,160639
2E43D17E,9/4/2017,181450
27694262,12/20/2017,147552
2797FC64,10/19/2017,140219
2F6A689C,10/26/2017,166408
1596A4,8/6/2017,169942
2C3767A8,11/22/2017,153716
13D458FB,8/6/2017,145332
1297D0F5,12/11/2017,141244
394A243B,8/4/2017,155582
21CBAD0E,9/14/2017,173982
1CF65333,9/9/2017,221278
F950714,10/7/2017,172185
71CE5C9,10/15/2017,189455
2D774CA4,11/2/2017,202579
141B0234,11/12/2017,155500
324E1441,8/11/2017,145332
21AF0E3C,12/26/2017,172185
27D540B7,10/10/2017,176256
17F3BB20,8/21/2017,176256
38AD5445,10/4/2017,197201
87B1BBA,12/17/2017,178735
25A00C7E,8/19/2017,183306
23C93A41,11/4/2017,167688
FD36594,8/1/2017,225315
37ECECFC,8/2/2017,193499
2022438F,12/23/2017,194505
417EE71,10/25/2017,191787
2E097EC8,8/20/2017,164260
4E45B14,9/7/2017,178735
20E428CC,8/7/2017,173025
1ECEC745,10/4/2017,187907
FC2A677,11/4/2017,198206
C2A600,9/18/2017,169942
30EBD70E,9/23/2017,194505
1F4DA234,11/18/2017,181450
1EABA3DE,9/12/2017,155500
2467AF80,11/21/2017,212118
1338229F,12/27/2017,135119
1A42A971,9/6/2017,122451
173F752D,9/4/2017,166408
22EFE04B,11/16/2017,189455
539D303,11/18/2017,200573
34A427F9,9/2/2017,138907
2AB11B64,8/25/2017,137072
3544BB2,11/26/2017,206439
52DDC7F,11/29/2017,187907
21B76D04,11/8/2017,184019
A49C504,12/24/2017,145748
1E5EBD65,10/20/2017,191308
C8436C,10/29/2017,131559
AEA5FBF,11/3/2017,198742
2C6D0984,10/12/2017,223062
1AF9127B,8/25/2017,131559
11F7D29D,11/23/2017,211153
83DBFC,12/1/2017,217190
21999522,11/23/2017,158770
C8436C,9/26/2017,182555
45451F2,8/4/2017,173025
30EBD70E,8/15/2017,182555
C06CB9,12/6/2017,194505
35A39C08,9/28/2017,145332
3B4DB15E,11/5/2017,200172
FB07696,10/21/2017,198206
2DBA488D,12/28/2017,172185
717D4E6,9/5/2017,142089
19C4A537,11/2/2017,141244
A92D846,10/16/2017,214049
81E408C,12/12/2017,173982
10856F5A,11/29/2017,155500
1C197438,9/11/2017,158770
39FA882E,10/31/2017,178735
21B76D04,10/12/2017,145332
191D40A2,12/23/2017,147552
B7BF6B2,12/31/2017,181610
12C780EF,8/20/2017,217190
20665BD3,8/22/2017,147552
3C3C8F7,9/1/2017,206439
2A1AB2AA,11/9/2017,198742
26514935,10/12/2017,141740
FFA8A5F,12/12/2017,140219
5D547A9,12/2/2017,182555
4B72674,12/18/2017,166102
11C5F00D,8/29/2017,140219
25923815,8/11/2017,193499
2795B70A,10/23/2017,164260
7D636E9,8/31/2017,158770
2FBC8DA8,8/23/2017,141740
15AD614F,10/17/2017,143768
6DC73A9,11/18/2017,194505
1008BA98,12/2/2017,198206
2FC3B68F,8/23/2017,206439
115FC44A,12/12/2017,191308
2AEB5745,10/31/2017,140219
1338229F,11/27/2017,126412
19034058,9/19/2017,204552
2525AD02,12/9/2017,189455
2AFD68FF,11/7/2017,151661
EB82BA4,10/24/2017,172185
82F4C12,12/5/2017,145748
2E6C6F60,8/19/2017,186796
20752193,8/8/2017,191373
761C522,11/27/2017,147552
30D8ED8C,9/10/2017,181450
1C956B0A,11/6/2017,137551
6744F03,10/3/2017,225315
9E7F433,8/12/2017,129446
1512C95A,11/6/2017,158319
1D0E756C,8/27/2017,173982
36ECD302,10/18/2017,150031
1CF79FF2,10/15/2017,222124
9F9F5DC,10/3/2017,181610
30CAACD2,11/6/2017,138907
92E1FFB,9/24/2017,160639
2AB20162,10/8/2017,186064
3403ADF5,8/4/2017,194505
1334D812,11/22/2017,135119
2022438F,9/28/2017,155582
6D9B874,8/1/2017,176256
2467AF80,9/1/2017,191787
32B963D9,9/17/2017,153716
11ABB9FD,11/12/2017,155500
2FBBFBE1,8/13/2017,151661
1DADAAE7,10/31/2017,183306
1272BD43,11/1/2017,158770
3999743F,9/27/2017,131559
33CAFD26,9/8/2017,151269
12312DD9,11/15/2017,191308
27B3334B,9/1/2017,145748
356BDDD0,8/31/2017,217190
2AAFDF8,10/13/2017,211153
3AE54710,8/12/2017,151661
14E820E,12/15/2017,142089
12A29D39,8/18/2017,124549
27B3334B,9/14/2017,187907
39C61CC3,11/14/2017,179521
2419DBF1,10/11/2017,191308
A496029,8/19/2017,189455
30CAACD2,8/31/2017,166408
1E5B2774,10/19/2017,214049
2BE33480,8/21/2017,126412
1D1A6E35,12/30/2017,131559
144FFEA8,9/19/2017,173982
19034058,10/23/2017,145748
1E14A61F,11/1/2017,187907
22959568,9/11/2017,172185
1551EE88,10/11/2017,157310
103F612F,11/25/2017,182555
214BE231,8/11/2017,215392
950260A,9/14/2017,198742
152BE90D,9/28/2017,173982
2EB07187,11/14/2017,142089
31C49845,8/12/2017,157310
296394F3,11/1/2017,202579
1C0D4A72,10/20/2017,178394
25D999D6,10/21/2017,173025
1875A78D,10/26/2017,135119
D0CD1AD,8/27/2017,189455
2E8A648C,11/29/2017,178735
3403ADF5,12/10/2017,191787
2532DC8C,12/30/2017,173982
244A23A9,12/19/2017,166102
1334D812,11/21/2017,172185
1D173845,11/8/2017,221278
1AEEDF9F,11/4/2017,141740
21AF0E3C,10/17/2017,151269
57FEA77,8/10/2017,122451
7FC809F,9/29/2017,166102
D71B6DE,11/6/2017,191787
21A6A195,12/15/2017,222124
144DD98E,8/6/2017,126412
226D8E92,9/29/2017,184019
10506062,10/1/2017,202579
2BFA6950,10/15/2017,155500
F28942C,8/15/2017,158319
328A2253,9/9/2017,138907
D1E74A9,8/5/2017,155582
36A5FC9F,8/22/2017,189455
26E3192F,10/22/2017,137072
38900A41,10/29/2017,141244
86FCA01,8/2/2017,181610
1086AF0F,9/12/2017,137072
3700D2A2,11/9/2017,145332
779ABAA,10/13/2017,137072
3A82700C,10/4/2017,166102
33B9816C,12/12/2017,173982
252971A4,8/17/2017,162348
16851767,9/29/2017,219484
10856F5A,8/28/2017,186064
281C0B1F,8/26/2017,131559
38AD5445,11/3/2017,198742
966D0B4,12/21/2017,179521
1D2E3E37,9/13/2017,122451
11555F37,8/8/2017,225315
1F611158,10/20/2017,128697
F346022,11/1/2017,151661
12B510DE,11/29/2017,222124
2209DFDE,12/17/2017,141244
19089F8E,12/7/2017,214049
3B98BCE4,12/5/2017,181610
320A5CF1,10/20/2017,194505
357C6A08,10/20/2017,142089
24433510,9/21/2017,213702
18AC2B4B,12/21/2017,214049
9E7F433,12/6/2017,198206
4B2962,10/1/2017,193499
D40BD50,10/23/2017,173982
33A7713B,10/10/2017,183306
1CFC45FA,11/9/2017,186064
8EF4D86,12/19/2017,198742
1FD4A2B5,12/29/2017,158319
78A665C,12/21/2017,187907
1153B3E1,12/31/2017,202579
1C94783A,10/20/2017,206439
30CAACD2,9/17/2017,141861
3ED463F,8/19/2017,181610
361CF0AD,10/26/2017,185847
2E7BEB58,11/25/2017,138907
1187B358,12/2/2017,141740
3B55150D,8/28/2017,131559
2AB20162,8/15/2017,162348
169970B4,12/26/2017,223062
144DD98E,12/26/2017,151661
EA3B5D3,9/18/2017,186796
F950714,8/13/2017,145748
28384E,10/3/2017,124549
317F7BF2,12/27/2017,195053
38376145,10/26/2017,195053
3A4B3B90,8/30/2017,147552
118A9ADE,12/20/2017,155582
377FF940,12/20/2017,217190
943CADB,10/8/2017,187907
2D5E88A6,9/22/2017,150031
9345571,8/25/2017,176256
1F2C7DCA,9/20/2017,166102
1CF65333,10/31/2017,173982
1A73B459,9/4/2017,151269
FC2A677,12/22/2017,197201
148E21D4,9/26/2017,147552
141B0234,9/9/2017,214049
103EFA9D,9/30/2017,145332
16456D69,9/28/2017,155582
1596A4,12/24/2017,137072
36F71D7B,8/29/2017,166102
3AFDB1BC,9/22/2017,206439
35385D9F,10/1/2017,137551
3403ADF5,9/4/2017,191373
1153B3E1,10/27/2017,164260
9F747B7,9/22/2017,184019
1E6E616F,12/21/2017,195053
53B57A7,8/30/2017,151269
71DF1FB,9/12/2017,129446
37D583FE,11/22/2017,191787
3828F54E,9/26/2017,206439
1213F002,11/2/2017,153716
34103139,11/17/2017,158770
6D9B874,10/31/2017,198742
3B247147,10/4/2017,186064
31BBBC50,12/23/2017,164260
1FBAFF18,11/2/2017,128697
126ACF11,8/21/2017,215392
34C372B8,12/5/2017,185847
3688B8EE,8/15/2017,143768
12899179,8/14/2017,166408
14BAFBB2,12/8/2017,202579
3A4B3B90,11/5/2017,215392
1F7C4F96,8/25/2017,193499
2FA43312,12/17/2017,160639
F72CF63,10/25/2017,200573
2AF907CD,12/31/2017,158770
966D0B4,9/29/2017,211153
10856F5A,12/21/2017,213228
22EAAE2F,8/15/2017,126412
1C5680FE,12/20/2017,155500
2A34B4F2,10/7/2017,172185
225F90D4,11/6/2017,173025
1D89FA92,9/5/2017,198742
362D796F,10/25/2017,167688
31F7C267,9/19/2017,198742
1E2FA29D,12/12/2017,124549
2BD8ED61,8/12/2017,129446
115E26D3,8/11/2017,214049
7D636E9,10/17/2017,213702
2E097EC8,9/30/2017,150031
3736C070,11/6/2017,141244
22EFE04B,10/26/2017,179521
123FEDC4,11/22/2017,155582
13FB7349,12/27/2017,185847
18818325,11/22/2017,194505
2169EE5A,9/26/2017,223062
874C9A,8/7/2017,153716
18B99443,11/16/2017,166408
5AC80A9,8/26/2017,186064
36649F15,9/15/2017,187907
14DF93FF,8/14/2017,206439
1FBAFF18,9/30/2017,150031
342112E,8/30/2017,162348
30CE3C6F,12/15/2017,184019
21ACDA95,11/18/2017,138907
38AD5445,8/19/2017,155582
AEA5FBF,9/3/2017,187907
102ABE60,9/19/2017,184019
35385D9F,11/17/2017,186064
2469103F,8/17/2017,141861
239C2664,11/17/2017,222124
42F4538,12/22/2017,145332
69989AB,9/30/2017,166408
6744F03,12/30/2017,173982
1A73B459,11/15/2017,135119
26223E69,11/24/2017,186064
78A665C,9/5/2017,182555
2BB845C0,11/23/2017,169942
1BE4D02E,11/22/2017,160639
6178D14,11/8/2017,191879
38376145,9/30/2017,187907
22EAAE2F,12/2/2017,155500
237446F5,11/2/2017,186796
2C53583,8/23/2017,187907
3ED463F,12/20/2017,151661
27490914,11/29/2017,141740
1C956B0A,12/17/2017,166408
1FF5678E,10/15/2017,200172
14608B65,10/21/2017,185847
30CAACD2,12/30/2017,187907
3730136B,9/24/2017,202579
3AC0EACA,10/16/2017,185847
1EB7FCA6,9/2/2017,198742
27DE5B8F,9/7/2017,181610
770479F,8/22/2017,162348
1F57012F,11/14/2017,215392
245D88F7,10/26/2017,122451
2169EE5A,12/13/2017,138907
693287,12/8/2017,186796
373D4116,11/24/2017,200573
342112E,12/5/2017,155500
D860D0F,11/30/2017,184019
2ADC98B0,11/20/2017,137072
11F4D9FE,9/28/2017,147552
2D4C0C6F,11/11/2017,157310
11D12906,10/25/2017,141244
258D77E3,11/24/2017,138907
1A5EBD2E,10/16/2017,145748
19E2024A,12/6/2017,217190
2A505E67,10/16/2017,145332
1F4DA234,10/10/2017,225315
31467C35,11/7/2017,143768
3B7FF5D4,9/30/2017,182555
2CF8B502,8/1/2017,194505
250EB59D,8/24/2017,178394
32151186,8/25/2017,137072
1F2C7DCA,9/15/2017,178735
38E2A6B4,12/1/2017,141244
2E3B19E7,12/16/2017,204552
F62330E,9/7/2017,141244
2022438F,11/20/2017,191373
3798EC9,12/5/2017,131559
28D41F65,10/5/2017,128697
13D458FB,8/18/2017,195053
10856F5A,11/11/2017,173982
C2A600,11/10/2017,202579
17433EDB,8/31/2017,213702
3B55150D,10/22/2017,202579
874C9A,12/2/2017,135119
1A6F5AC5,9/30/2017,135119
359281D8,12/11/2017,222124
2D52D10F,9/23/2017,129446
482E3D1,12/7/2017,158319
FC3A2CC,12/21/2017,137072
23789885,12/6/2017,147552
2FBBFBE1,9/10/2017,135119
2FF6CEC4,10/6/2017,160639
2EAC6EED,9/22/2017,202579
19BB0F1B,10/21/2017,213228
5429C2C,12/2/2017,194505
12899179,8/22/2017,160639
153641C4,10/7/2017,184019
2CBC17D6,10/24/2017,158770
3B55150D,9/14/2017,189455
3A566109,12/30/2017,187907
20752193,12/29/2017,169942
D3FDD24,10/17/2017,150031
360F290C,8/19/2017,164260
2837C916,12/30/2017,151661
1C84565,10/10/2017,187907
3169733A,12/31/2017,200172
2DD33BBE,9/6/2017,137551
23BE43AA,8/5/2017,191373
CB6FCDC,8/12/2017,143768
33CAFD26,12/16/2017,183306
390ACED7,11/25/2017,223062
377FF940,11/21/2017,212118
B48B84,9/11/2017,128697
82F4C12,10/10/2017,182555
2E6C6F60,9/14/2017,124549
642AACF,12/28/2017,186064
130860B2,10/8/2017,172185
36DA9D80,10/16/2017,191879
69051BA,10/24/2017,183306
2BD7A4,8/24/2017,169942
B63CDE6,12/29/2017,129446
1187B358,8/30/2017,147552
2E60E98E,9/30/2017,183306
223701D,12/17/2017,126412
1FDE1F74,10/20/2017,126412
1CB94B51,10/12/2017,222124
9345571,9/2/2017,124549
3264D120,12/25/2017,126412
3C19E40,9/18/2017,157310
1AF671DD,12/6/2017,164260
1351905D,12/16/2017,124549
2AF907CD,9/10/2017,135119
21BAE7C,8/11/2017,202579
252971A4,12/21/2017,173982
2A19FB07,8/12/2017,225315
1E15BFA1,8/14/2017,140219
173E32A9,12/31/2017,200573
1B69F54A,11/25/2017,219484
37DE495D,10/16/2017,172185
230F77A5,12/3/2017,124549
4ED966,8/3/2017,141861
22483D16,9/20/2017,131559
2CE69C8,11/6/2017,223062
FC3A2CC,11/11/2017,186796
32DE6583,9/25/2017,182555
2535B3C5,9/26/2017,195053
340C62,8/6/2017,215392
4ED966,9/25/2017,162348
1295C349,10/17/2017,169942
33485106,9/30/2017,181610
244A23A9,12/9/2017,191879
22EFE04B,12/16/2017,187907
25D999D6,11/5/2017,200573
351E02CE,10/8/2017,155500
2FC9B37F,11/18/2017,131559
9ACB54B,9/8/2017,225315
18B99443,10/30/2017,141740
C8436C,11/16/2017,166102
22529B08,9/6/2017,198742
27E0B96E,12/12/2017,186064
36C97AFF,9/9/2017,126412
39920906,9/28/2017,183306
11DBF59C,9/5/2017,176256
CA9D3BC,11/7/2017,148301
2D52D10F,9/17/2017,129446
A496029,11/30/2017,173025
262169C5,10/24/2017,147552
1239B4FB,11/24/2017,158770
1813A626,8/19/2017,200172
2CF8B502,12/1/2017,155582
1E5B2774,8/13/2017,187907
30DAAC69,9/29/2017,166102
360F290C,11/9/2017,198206
19206248,9/11/2017,138907
2128FC02,10/31/2017,167688
1576A949,9/13/2017,158319
1B21FBCE,8/7/2017,179521
1C84565,11/5/2017,217190
29D93D54,10/13/2017,158319
2E2E356D,11/14/2017,169942
361C190C,11/18/2017,181610
169970B4,9/30/2017,186796
FEE620A,11/20/2017,197201
2FA43312,11/25/2017,204552
3424B614,10/29/2017,186796
23CDD2A8,10/3/2017,215392
2E43D17E,8/10/2017,181610
25026E3C,11/22/2017,189455
1E5EBD65,8/6/2017,194505
1D20A942,12/26/2017,143768
2279FB16,10/9/2017,151661
1A9E58A1,12/4/2017,181450
6178D14,8/15/2017,212118
2AE009D4,9/1/2017,193499
227868A9,11/10/2017,191787
21A6A195,11/14/2017,164260
1F2607FE,10/22/2017,147552
16BD3D76,12/29/2017,153716
4CA33AD,8/8/2017,194505
21827597,11/8/2017,198742
BF8EF16,9/27/2017,157310
1AA3A5B2,11/27/2017,225315
7FC809F,9/29/2017,197201
16851767,12/9/2017,148301
1388A512,9/23/2017,179521
3881E550,11/2/2017,215392
7C77DDD,8/24/2017,198206
100024A0,8/18/2017,173025
36F40130,10/8/2017,173025
2D4C0C6F,8/2/2017,151269
1916618D,10/21/2017,217190
3067FD41,8/5/2017,187907
16BD3D76,12/7/2017,158770
FD36594,8/12/2017,145332
D40BD50,12/3/2017,164260
E544E0A,11/18/2017,178735
3010EA80,10/10/2017,178394
1BFDC394,12/14/2017,167688
C348799,10/5/2017,200573
394A243B,8/13/2017,166408
29B3D7D8,11/20/2017,202579
3599616D,9/6/2017,147552
71CE5C9,9/12/2017,150031
A1685F2,10/12/2017,150031
28D41F65,9/29/2017,191308
9F747B7,10/10/2017,182555
A53617B,11/18/2017,178394
149E92F7,10/28/2017,186796
14DF93FF,11/19/2017,217190
2D2AB12C,10/26/2017,169942
1551EE88,12/9/2017,217190
693287,10/14/2017,173025
A6EFD92,9/8/2017,137551
3B7FF5D4,11/21/2017,167688
2AD58498,10/9/2017,160639
464FAB5,11/27/2017,155500
25923815,11/5/2017,217190
223701D,8/23/2017,219484
281284C2,12/10/2017,141861
283D51EF,8/27/2017,184019
2AB2914,11/29/2017,143768
1FBAFF18,12/16/2017,223062
3A566109,9/25/2017,176256
12FA7697,12/19/2017,155500
1B34D433,8/7/2017,167688
46BE086,10/3/2017,173025
2FB8C2F9,12/25/2017,191879
BD6E93C,12/16/2017,160639
361CF0AD,8/6/2017,135119
18C91273,9/19/2017,160639
12A29D39,12/31/2017,195053
2262C2B7,10/11/2017,150031
2AB62406,8/12/2017,124549
37B15B9F,8/6/2017,166102
2D2C9865,9/4/2017,200172
27A2B91E,12/27/2017,160639
56747BB,9/18/2017,173025
1C2AE064,9/18/2017,150031
2746479D,8/23/2017,181610
12FA7697,11/17/2017,158319
1E146E75,12/11/2017,135119
3ABD6823,10/18/2017,167688
10FDAD0,12/18/2017,215392
BDD1B0,8/16/2017,181450
8D70DB6,12/16/2017,145748
17F1EA1D,10/2/2017,172185
8E17631,11/16/2017,187907
306D90E0,10/10/2017,151269
36DA9D80,8/9/2017,162348
1086AF0F,11/19/2017,140219
13E26C58,10/9/2017,186064
27D540B7,11/17/2017,185847
D683EBF,11/22/2017,162348
60A2ECD,11/12/2017,157310
DFD5702,12/29/2017,222124
24F16000,10/6/2017,181610
17F1EA1D,9/18/2017,181450
17A6A6F3,8/15/2017,197201
19089F8E,10/24/2017,155500
965BD16,11/21/2017,198206
118A9ADE,11/2/2017,172185
25656E9C,10/27/2017,200172
339C055,11/4/2017,219484
A92D846,9/12/2017,191308
1AF671DD,9/11/2017,198742
29DB671,8/18/2017,183306
3798EC9,10/27/2017,204552
24A103AC,8/22/2017,131559
779ABAA,11/7/2017,191787
241F21FE,10/8/2017,178735
273A7DBF,11/10/2017,137551
CAB421E,9/13/2017,187907
1295C349,12/12/2017,212118
24129833,10/5/2017,194505
1F6CCDED,10/31/2017,219484
E64C422,9/8/2017,215392
31D44625,11/17/2017,167688
8D70DB6,11/13/2017,191787
53C6CF0,10/11/2017,169942
1AB77E02,9/20/2017,141861
2E7E2E65,9/7/2017,223062
38376145,11/13/2017,173025
2C8ABAFC,9/2/2017,222124
1901A43A,9/24/2017,194505
330BD721,10/23/2017,148301
1345912D,10/11/2017,195053
39FA882E,9/20/2017,145332
1F35DB64,11/18/2017,151269
19FFB9DF,11/30/2017,222124
AFE1F77,8/12/2017,160639
F21C09,10/5/2017,204552
1A9E58A1,9/5/2017,187907
B7BF6B2,12/6/2017,214049
22EAAE2F,10/8/2017,221278
36DA9D80,10/1/2017,222124
1AB50C54,8/31/2017,198742
168E20E8,10/1/2017,225315
7235321,12/8/2017,176256
FD36594,11/18/2017,181610
4B72674,11/8/2017,158319
BF8EF16,12/4/2017,137551
26A00E7F,8/26/2017,167688
7489574,10/7/2017,221278
27490914,8/25/2017,141740
16B490E7,8/12/2017,204552
358B60D1,8/10/2017,204552
5199D8C,8/23/2017,142089
2BFA6950,9/15/2017,191373
27CFC589,11/4/2017,223062
17C7366C,10/12/2017,181450
2AEEF11E,8/3/2017,191373
36F6DCA0,8/26/2017,138907
10506062,12/10/2017,164260
32005390,9/15/2017,122451
2954E585,8/5/2017,219484
184FBA47,12/28/2017,160639
2469103F,11/26/2017,193499
3571E9C0,10/17/2017,219484
2F9C90A2,11/4/2017,142089
4CD2BCD,10/27/2017,212118
31553493,9/16/2017,200573
11D12906,10/22/2017,173982
2536BE5C,10/2/2017,223062
46BE086,8/31/2017,213702
19014584,11/27/2017,179521
382F060,12/26/2017,197201
2DBA488D,11/19/2017,126412
1AF671DD,9/17/2017,160639
F3F043E,8/15/2017,155500
FBA571F,10/18/2017,223062
31D4FA88,11/7/2017,213702
A7A7271,8/11/2017,186796
E708E0E,10/17/2017,215392
779ABAA,8/3/2017,142089
2AB20162,11/18/2017,204552
F444481,11/27/2017,214049
148EBDBC,11/25/2017,126412
1E5EBD65,8/9/2017,157310
CA9D3BC,11/11/2017,124549
394A243B,12/13/2017,183306
201B6304,12/7/2017,142089
C882F9D,9/6/2017,173982
357C6A08,10/11/2017,186796
BF8EF16,11/9/2017,191787
36D4D779,12/6/2017,142089
3ED463F,12/30/2017,223062
28CC59,9/22/2017,141244
A9FF762,12/21/2017,191787
8D41203,11/11/2017,124549
1333F59C,11/21/2017,213702
5A88C6A,11/16/2017,164260
1E861F85,9/23/2017,128697
330BD721,11/13/2017,219484
379D8189,12/11/2017,186796
16C2D0F2,10/21/2017,186064
23F94951,10/4/2017,160639
11674E59,10/30/2017,200172
87B1BBA,11/22/2017,141861
1A73B459,9/28/2017,187907
493CE91,11/15/2017,155500
1B2A5293,8/6/2017,225315
19089F8E,12/21/2017,200573
3B21C9D5,9/17/2017,225315
30EBB237,10/5/2017,140219
2ECD6129,12/10/2017,213702
31FDD66C,11/15/2017,150031
3C7E4EB,10/11/2017,191787
31553493,11/14/2017,184019
28D41F65,9/20/2017,186064
14E2A038,12/8/2017,223062
2D52D10F,11/8/2017,169942
1EA4A2F1,12/23/2017,178735
2B6DB86D,8/19/2017,151269
33C4C7C0,10/30/2017,141740
2674EBE6,9/10/2017,169942
6C24264,8/30/2017,183306
22FF94A2,9/9/2017,124549
2AB2914,10/27/2017,173982
26E3192F,10/26/2017,213228
1727BE8B,9/28/2017,183306
B63CDE6,8/7/2017,176256
1425B399,12/26/2017,189455
2AF907CD,8/13/2017,189455
31F7C267,10/8/2017,145748
3A6B8528,11/2/2017,198742
5199D8C,10/4/2017,142089
2738603D,10/4/2017,126412
37A0A31A,8/3/2017,166102
32005390,11/5/2017,223062
13FB7349,9/21/2017,200172
2795B70A,8/1/2017,191787
1086AF0F,11/4/2017,178735
258D77E3,10/11/2017,185847
CDF804B,12/2/2017,142089
3A2CCC57,11/15/2017,166408
12C780EF,10/20/2017,186064
31B4250E,12/26/2017,162348
23ADFEDA,12/30/2017,155582
30CE1734,10/25/2017,189455
35C86BC,11/22/2017,131559
1FF41476,12/22/2017,169942
26A00E7F,11/30/2017,176256
28BE84C7,10/20/2017,222124
103F612F,11/8/2017,221278
A49C504,10/31/2017,186064
245E931A,8/22/2017,187907
358B60D1,10/25/2017,181610
2AB62406,10/5/2017,148301
24575A2A,11/19/2017,138907
25BDF11E,8/12/2017,172185
B7BF6B2,9/1/2017,215392
13A73C08,12/24/2017,185847
1B915C72,10/27/2017,147552
2E097EC8,9/30/2017,191308
3B8C788E,10/8/2017,200172
B022F71,9/8/2017,167688
3B98BCE4,12/28/2017,202579
33E9AA50,11/27/2017,145332
A927D65,10/1/2017,164260
2E3B19E7,8/14/2017,126412
320F9D72,10/22/2017,166408
1C97A4CB,10/21/2017,197201
301A3F66,12/1/2017,141861
2B9DB32F,8/19/2017,225315
12312DD9,9/6/2017,215392
395A11D1,12/2/2017,151269
2536BE5C,11/20/2017,211153
22AACC5B,11/17/2017,191879
102FC773,10/3/2017,126412
EBDEE,9/30/2017,157310
145A8C98,8/24/2017,189455
258D77E3,8/23/2017,131559
17F3BB20,10/25/2017,223062
2C64805E,8/13/2017,213702
A2AE944,10/6/2017,212118
2A8E7F90,11/14/2017,198742
1AA8589A,9/5/2017,223062
13A29EFA,10/8/2017,157310
4B3FC23,9/9/2017,178394
2CE0AC1C,12/12/2017,141861
1B0F217F,12/15/2017,212118
A964EC2,8/14/2017,191787
BD6E93C,12/29/2017,166408
17A6A6F3,12/5/2017,155582
154F69C2,8/24/2017,211153
20DEC9F2,12/8/2017,215392
36360A97,12/24/2017,206439
201F270E,8/5/2017,173982
2FDFAA35,12/2/2017,193499
226F31C8,10/29/2017,126412
11F38C7F,11/4/2017,202579
23ADFEDA,10/21/2017,166408
A53617B,12/4/2017,137551
2BFA6950,9/16/2017,142089
2C764FD,8/8/2017,145748
3EDE744,11/12/2017,140219
3FADB17,8/24/2017,151661
140FBB,8/28/2017,182555
2FBC8DA8,8/20/2017,182555
17626E57,11/5/2017,142089
3B55150D,11/7/2017,137551
1E146E75,10/25/2017,181450
3013A5F5,9/11/2017,184019
2C3767A8,9/9/2017,172185
145A8C98,9/4/2017,162348
25BDF11E,10/7/2017,138907
3798EC9,10/7/2017,141861
5180E16,8/19/2017,148301
C6D2846,11/13/2017,221278
24F8AFBA,11/13/2017,197201
203DF735,10/19/2017,191308
999227,8/28/2017,169942
2C26C5D,12/22/2017,145332
36883769,11/17/2017,185847
1153B3E1,11/18/2017,219484
89A6899,11/7/2017,198206
1C15CDA1,10/19/2017,181450
153641C4,12/31/2017,202579
11555F37,9/5/2017,162348
152B46FF,10/27/2017,206439
9E40797,10/20/2017,151269
18040B26,8/25/2017,169942
D3FDD24,8/22/2017,153716
A964EC2,12/29/2017,212118
5AC80A9,10/13/2017,213702
FFA8A5F,12/21/2017,191308
3F242FE,9/2/2017,162348
20450972,11/24/2017,181610
2D4C0C6F,8/14/2017,185847
237446F5,10/12/2017,142089
356BDDD0,10/11/2017,153716
2AB2914,9/5/2017,214049
10810862,11/16/2017,186796
3E3AB05,9/29/2017,225315
D0B15C5,12/5/2017,197201
1D89FA92,11/20/2017,137551
361CF0AD,12/12/2017,186064
31D4FA88,9/13/2017,173982
5BFED18,9/13/2017,147552
CDF804B,11/11/2017,122451
1176C301,10/28/2017,126412
1BFB1B80,9/18/2017,212118
19F368E3,8/16/2017,219484
122F3EB2,12/22/2017,214049
31B2BC31,8/7/2017,219484
2CF8B502,11/10/2017,211153
539D303,12/11/2017,147552
29246CC5,10/11/2017,221278
943CADB,9/26/2017,198742
339A9749,10/13/2017,219484
FB07696,11/8/2017,184019
1333F59C,12/20/2017,131559
233228B6,10/28/2017,138907
3C3C8F7,12/27/2017,166102
570B6CA,8/21/2017,155582
21B76D04,10/1/2017,131559
F21EA6F,8/14/2017,223062
2C6D0984,12/23/2017,178394
1CD0E367,11/21/2017,204552
780290A,10/11/2017,128697
13BB50BB,8/31/2017,122451
11F38C7F,8/20/2017,202579
20E428CC,9/26/2017,213702
201FDC72,10/2/2017,143768
27AFB329,8/14/2017,155582
1153B3E1,9/8/2017,167688
2128FC02,10/7/2017,185847
5747671,9/17/2017,206439
DBC51AE,8/6/2017,160639
123FEDC4,12/7/2017,185847
F346022,8/13/2017,191787
104D3A10,10/9/2017,214049
3C19E40,10/12/2017,124549
39D656ED,12/22/2017,151269
4B2962,10/7/2017,221278
23CDD2A8,9/5/2017,181450
1086AF0F,12/23/2017,158319
185C9283,11/12/2017,183306
1BA27961,11/17/2017,140219
1B34D433,8/2/2017,166408
11856C86,12/16/2017,202579
1F57012F,11/18/2017,145748
25A00C7E,12/2/2017,172185
19C7BE34,10/20/2017,138907
3C19E40,11/17/2017,189455
20528484,12/30/2017,211153
25A00C7E,11/10/2017,215392
3B7FF5D4,8/2/2017,198742
359281D8,11/30/2017,213702
1E5DE635,9/27/2017,178394
20A34F18,8/2/2017,178735
34F54BA9,11/29/2017,160639
22959568,9/24/2017,189455
20724F0D,11/7/2017,179521
29475B95,12/30/2017,141861
21A6A195,9/7/2017,202579
31622151,9/20/2017,181450
3FADB17,10/21/2017,217190
286F5573,10/16/2017,211153
3A3DB970,12/18/2017,166102
3B8C788E,12/26/2017,217190
2D9BF7F,8/27/2017,164260
C348799,8/12/2017,191308
295C4946,11/24/2017,184019
DBC51AE,8/14/2017,166408
17275B34,11/2/2017,167688
358B60D1,12/17/2017,195053
2CF1645B,8/7/2017,153716
36360A97,8/9/2017,221278
154F69C2,9/17/2017,186796
21B76D04,9/5/2017,200573
114A3B39,11/21/2017,182555
362D796F,9/23/2017,193499
1AA3A5B2,9/24/2017,221278
345DDF64,11/22/2017,143768
6029642,12/12/2017,131559
1DE59D5D,8/20/2017,141740
16DDF1A8,12/31/2017,189455
3AE54710,11/6/2017,166408
11DBF59C,8/22/2017,191373
2EAC6EED,9/22/2017,153716
362D796F,12/5/2017,215392
37D583FE,10/9/2017,164260
1344DAB4,12/8/2017,181450
1A73B459,12/2/2017,213228
118D36D6,10/5/2017,223062
25A00C7E,12/8/2017,141740
1E15BFA1,10/16/2017,191373
102C9B10,12/28/2017,158319
3F242FE,11/24/2017,189455
1249444F,10/12/2017,197201
35C86BC,11/22/2017,166102
8F897D0,12/11/2017,145332
2954E585,9/23/2017,164260
2169EE5A,11/5/2017,172185
1BE4D02E,11/25/2017,150031
6DC73A9,12/19/2017,184019
3D37D85,10/13/2017,219484
52DDC7F,10/21/2017,202579
2E336EE0,9/6/2017,181450
24B2E03D,12/4/2017,155582
3E3AB05,11/12/2017,198206
19BB0F1B,10/6/2017,187907
356BDDD0,8/24/2017,198206
2E15C7E3,9/22/2017,141861
284FACC4,9/15/2017,221278
19A9E933,8/9/2017,122451
29475B95,12/14/2017,213228
16A9244A,10/23/2017,195053
F92328D,12/23/2017,186796
296394F3,10/31/2017,185847
2BE33480,8/14/2017,122451
2160108D,12/19/2017,200573
295C4946,8/12/2017,225315
89A6899,8/15/2017,155500
280F52F2,10/9/2017,182555
1EA4A2F1,12/1/2017,200573
28D41F65,10/11/2017,179521
328A2253,8/26/2017,206439
2B146FCD,10/17/2017,145332
780290A,10/24/2017,147552
1213F002,9/29/2017,186796
A92D846,9/24/2017,124549
C348799,10/11/2017,148301
2C6D0984,8/15/2017,158770
3927888C,8/26/2017,141740
1769DAD7,12/3/2017,150031
74EB484,9/6/2017,219484
2D6085D9,10/4/2017,223062
5BFED18,11/9/2017,194505
265F7284,8/17/2017,172185
6D9B874,12/20/2017,191787
10AB9AFC,11/12/2017,160639
1F71C97,10/2/2017,137072
31FDD66C,12/8/2017,137551
14226B68,12/8/2017,169942
2E60E98E,9/1/2017,181450
7489574,10/1/2017,172185
1F71C97,8/10/2017,128697
203DF735,8/19/2017,137072
7387B25,8/4/2017,151269
AF942AE,12/13/2017,195053
D981702,10/6/2017,148301
17433EDB,12/9/2017,191787
3ED463F,9/13/2017,141861
33C4C7C0,10/17/2017,198742
C06CB9,12/14/2017,145332
F86447C,10/7/2017,167688
249DA9C8,11/25/2017,158319
1CFC45FA,8/15/2017,158319
26E3192F,11/21/2017,131559
302BAAEA,12/23/2017,189455
12A29D39,12/3/2017,157310
1153B3E1,12/27/2017,158319
78A665C,8/7/2017,181610
2EC08420,12/12/2017,179521
2964C53F,11/20/2017,141861
102FC773,11/19/2017,167688
C3AAA94,10/22/2017,189455
6526D65,11/29/2017,215392
3B55150D,10/14/2017,184019
28E086E2,11/27/2017,219484
2008D72D,9/7/2017,166408
21BAE7C,12/1/2017,145748
228F004F,12/2/2017,189455
2A2C5C67,8/5/2017,186064
1388A512,10/13/2017,197201
2DD33BBE,9/19/2017,206439
27533A35,11/19/2017,189455
362D796F,10/22/2017,195053
153641C4,9/4/2017,195053
3544BB2,11/16/2017,206439
252971A4,10/21/2017,169942
1A965C15,10/11/2017,126412
30B60A11,12/18/2017,172185
71CACDE,8/28/2017,135119
1388A512,12/30/2017,142089
249B3DD9,8/22/2017,213702
306D90E0,9/2/2017,148301
102C9B10,11/18/2017,206439
1C97A4CB,8/10/2017,141861
172C8B95,11/27/2017,129446
1DE59D5D,8/16/2017,200573
2BE4E639,10/22/2017,176256
28E086E2,10/24/2017,186064
25D6EB26,11/28/2017,183306
CE9E489,12/3/2017,141861
2469103F,8/26/2017,142089
1CF65333,11/2/2017,145332
141B0234,12/14/2017,173982
1F611158,12/21/2017,173982
104EDBC7,8/2/2017,191308
DAD6F72,8/26/2017,212118
11DBF59C,12/1/2017,223062
33B45FB4,8/9/2017,162348
294567F5,10/22/2017,151269
118469CB,11/16/2017,222124
2F8B0B5B,12/10/2017,206439
9E40797,11/19/2017,223062
2E336EE0,9/24/2017,155500
395A11D1,12/24/2017,129446
31467C35,8/7/2017,214049
8E86E90,12/26/2017,186064
30074A6D,10/13/2017,184019
1ACF9B51,10/20/2017,176256
16A43E17,8/9/2017,212118
3700D2A2,12/26/2017,145332
10588DA,12/13/2017,191879
1C61915F,8/20/2017,186796
25026E3C,12/7/2017,122451
3745180,8/11/2017,213228
1F53109B,9/18/2017,137551
18B99443,9/30/2017,151661
361C190C,9/5/2017,185847
D0CD1AD,11/15/2017,178394
19D3E019,12/7/2017,141861
2BB845C0,8/22/2017,198742
39C61CC3,8/21/2017,219484
1C97A4CB,12/28/2017,145332
29FD6611,11/13/2017,166408
1D1A6E35,8/22/2017,204552
12C780EF,11/29/2017,178394
2E3B19E7,9/28/2017,214049
2525AD02,9/3/2017,166408
1B3B5435,12/20/2017,189455
27CFC589,10/19/2017,158319
C6D2846,11/17/2017,204552
2995085C,12/10/2017,137551
2FDFAA35,10/13/2017,204552
1086AF0F,8/9/2017,164260
29274BDC,9/26/2017,219484
3938B4B4,12/6/2017,135119
17F3BB20,11/9/2017,186064
452924B,8/4/2017,200172
311DBC84,11/11/2017,141740
464FAB5,12/16/2017,145748
5199D8C,8/7/2017,151269
1F3025F9,11/17/2017,138907
AFE1F77,8/30/2017,206439
2C034FC9,11/24/2017,137072
24129833,12/14/2017,167688
1444C598,10/14/2017,200573
3A189875,11/7/2017,191879
2C2555BA,9/13/2017,141244
951C2AC,9/24/2017,142089
245ACFC7,12/2/2017,198742
1A42A971,12/9/2017,225315
1925B22C,8/17/2017,141740
328A2253,10/9/2017,187907
2DBA488D,8/30/2017,187907
281C0B1F,8/28/2017,135119
140B58CE,12/19/2017,186064
1746E431,11/8/2017,191373
A53617B,11/26/2017,191787
1B34D433,8/5/2017,181610
22959568,10/20/2017,191879
1C031332,12/14/2017,151269
2FC9B37F,12/12/2017,197201
D0BFB77,12/27/2017,206439
B6358B2,12/13/2017,176256
2EE69297,12/22/2017,157310
23F94951,12/11/2017,215392
250EB59D,9/6/2017,191308
144A193F,8/25/2017,200573
31553493,10/6/2017,219484
2AEEF11E,10/12/2017,129446
122F3EB2,12/26/2017,181450
2E52C07B,10/16/2017,186064
C26215B,11/16/2017,155582
24C669BD,10/19/2017,173982
DBC51AE,9/29/2017,178735
70DAEC3,11/2/2017,198742
FC3A2CC,10/28/2017,137551
185574EF,11/14/2017,185847
16E36B69,10/11/2017,141244
2823ACA0,9/12/2017,211153
360F290C,11/26/2017,184019
163E64D,9/23/2017,222124
359CE3F,10/24/2017,164260
351E02CE,11/27/2017,162348
25D999D6,8/9/2017,206439
16B490E7,11/17/2017,191308
268229DF,11/7/2017,223062
A11DAD3,10/18/2017,181610
1CFC45FA,8/21/2017,191308
3A8DA4F2,9/20/2017,197201
31B4250E,9/24/2017,221278
FDB9291,11/15/2017,213228
250CCB2D,12/17/2017,153716
11ABB9FD,10/17/2017,158770
2469103F,11/7/2017,191373
1366F192,8/17/2017,151269
4ED966,11/28/2017,148301
313985FA,11/25/2017,193499
37F00BA3,8/5/2017,212118
36F6DCA0,11/13/2017,206439
4ED966,12/7/2017,166102
F21C09,10/29/2017,148301
18B99443,9/21/2017,193499
30EBB237,9/3/2017,162348
362D796F,9/8/2017,200573
1AF671DD,10/1/2017,141861
2061C64,9/13/2017,198742
27068844,10/20/2017,166408
9ACB54B,12/20/2017,137551
56747BB,11/21/2017,137551
280C31FA,11/18/2017,150031
2ED0CB54,10/9/2017,223062
1440D4D1,12/18/2017,151269
1351905D,11/9/2017,193499
10856F5A,11/25/2017,222124
3A3DB970,9/22/2017,137072
24C669BD,9/16/2017,202579
2795B70A,9/30/2017,147552
13EEF4AC,12/9/2017,153716
1249444F,8/4/2017,187907
1EEA4C41,8/22/2017,135119
30B60A11,10/24/2017,150031
296394F3,8/5/2017,158319
31B2BC31,10/4/2017,141740
24575A2A,11/8/2017,143768
3B4DB15E,10/27/2017,200573
1F2C7DCA,10/10/2017,158770
3A50CFD6,8/15/2017,160639
C348799,12/30/2017,184019
2EC4DABF,10/3/2017,162348
18B4350A,9/23/2017,145332
31BBBC50,10/30/2017,167688
66A3F15,9/23/2017,194505
1E14A61F,12/27/2017,186796
D0052DD,8/30/2017,137551
29475B95,10/23/2017,189455
22385F02,9/25/2017,191787
20A34F18,11/8/2017,184019
33B9816C,10/13/2017,131559
2F451593,9/14/2017,183306
31671530,8/29/2017,129446
2A28C881,9/18/2017,137551
CE9E489,11/18/2017,193499
214BE231,10/27/2017,126412
305E571C,10/12/2017,213702
6408AA,12/24/2017,160639
9651210,9/26/2017,193499
37221D35,9/16/2017,157310
23D7AAE7,11/4/2017,141740
12AE14F3,9/2/2017,178735
2FC9B37F,11/28/2017,186796
1E5EBD65,12/3/2017,169942
27C53FB6,9/24/2017,145748
35E3B25,9/20/2017,160639
2674EBE6,10/6/2017,221278
28D41F65,11/3/2017,178735
182E4ED9,11/18/2017,198742
C6D2846,12/8/2017,172185
469D8C0,10/24/2017,169942
123FEDC4,11/20/2017,186064
2CBC17D6,8/29/2017,129446
4ED966,10/7/2017,141740
1E146E75,9/5/2017,131559
148EBDBC,11/30/2017,178735
950260A,8/25/2017,178394
1C3C2EC4,10/7/2017,198206
28324F99,8/30/2017,214049
D87AAD3,12/24/2017,150031
27A2B91E,11/24/2017,198742
2E3B19E7,9/9/2017,162348
1224D28F,12/21/2017,223062
3736C070,11/10/2017,191787
2536BE5C,10/26/2017,223062
BFC8251,8/25/2017,182555
5BFED18,8/21/2017,158319
252971A4,12/30/2017,198206
3599616D,10/16/2017,155500
2804007,11/15/2017,191373
203DF735,12/31/2017,204552
359A4256,8/26/2017,158319
25D999D6,8/12/2017,184019
3B3572DC,9/11/2017,186796
2B9DB32F,12/15/2017,198206
1DADAAE7,8/3/2017,124549
DFD5702,12/23/2017,195053
FBA571F,8/2/2017,214049
10588DA,11/26/2017,169942
32FE060C,9/21/2017,178735
37F00BA3,10/11/2017,186064
7489574,10/13/2017,212118
360F290C,9/4/2017,138907
3125898D,8/20/2017,185847
22EAAE2F,11/14/2017,221278
1C5680FE,9/9/2017,169942
31C49845,10/31/2017,129446
2797FC64,10/5/2017,158770
D683EBF,12/10/2017,162348
3B55150D,10/5/2017,219484
2E80C812,10/28/2017,195053
201B5227,9/19/2017,172185
C2A600,8/8/2017,157310
