User id,Age
CF96A4F,25
2A95F376,49
2C68D6D0,47
286F5573,53
2BD8ED61,29
6C6C1DA,41
36461654,32
226BF112,24
123D143E,37
A927D65,30
465F0D4,44
267E5BFB,44
328A2253,49
36723E6F,33
2F8B0B5B,47
144DD98E,21
F346022,52
30D8ED8C,24
BFC8251,41
19C7BE34,37
4E45B14,49
2507083C,28
5825728,46
34C372B8,27
1FDE1F74,22
E6AE60D,28
951C2AC,30
AF942AE,24
15AECB5C,24
950260A,50
2D774CA4,49
1A10D861,21
1C84565,53
361C190C,31
6029642,40
19BB0F1B,24
14B8232C,53
29246CC5,33
345DDF64,38
1EA4A2F1,24
3AE54710,42
8D41203,49
2E80C812,34
A2AE944,53
2A04DB5E,34
25A00C7E,27
F8D7EE7,44
90C83EC,47
A496029,49
2FFF30B6,21
12A913BE,41
3C7E4EB,48
144FFEA8,20
F7593B7,25
36ECD302,44
16DC560B,54
359CE3F,44
779ABAA,33
13EE3462,35
3A4B3B90,33
201B6304,39
71CACDE,36
527CAD4,26
20CD0DFB,50
32A1BE1D,32
5D547A9,43
2D2AB12C,49
3798EC9,25
31D44625,42
1B2A5293,43
3013A5F5,35
1E4C6BCD,31
118469CB,45
1BFDC394,23
26A00E7F,41
65ECDB,35
2D046D36,21
130860B2,21
237446F5,37
BF8EF16,42
16A9244A,46
231C9B0C,43
FDB9291,43
CDF804B,44
2F2C7788,54
2744A22F,21
258D77E3,25
1D2E3E37,21
2D9BF7F,39
18F899D3,23
3688B8EE,24
89A6899,47
E64C422,24
3AF1A7B1,38
12A29D39,52
727994C,44
38376145,42
423BED3,29
A49C504,38
D887988,45
1901A6DE,22
AFE1F77,44
24F85321,33
2DBACA5E,38
D0052DD,55
173F752D,33
1239B4FB,27
A53617B,36
16B490E7,21
20A34F18,45
21380058,35
7D636E9,55
32B963D9,32
1E72DFFF,40
87B1BBA,44
1440D4D1,21
13EEF4AC,26
223701D,28
283D51EF,37
1344DAB4,28
2ED0CB54,21
27068844,30
100024A0,31
140B58CE,27
37221D35,43
26E3192F,35
1FD4A2B5,29
D71340C,22
966D0B4,34
36F40130,53
1F4DA234,51
24129833,36
1BFB1B80,51
C26215B,52
69051BA,28
1FBAFF18,27
385E5EA6,25
42F4538,20
149E484E,37
18B99443,52
1B3B5435,42
780290A,35
14BAFBB2,40
1AB77E02,26
230F77A5,28
1AB563D9,40
5ABC951,42
2262C2B7,39
1C031332,48
191B9E48,55
342112E,51
7B2432B,38
2149FC10,47
1029B72F,20
1A6F5AC5,38
3ABD6823,50
1CC5F8E4,45
1F57012F,47
2B6DB86D,42
16851767,53
1D173845,36
30CAACD2,25
C8436C,54
31D4FA88,24
13D458FB,22
185C9283,41
1E768527,25
DD26571,25
2E4D655F,50
8D70DB6,23
D3FDD24,34
2C53583,26
1D512CC0,43
237568AA,32
986F05F,31
11ABB9FD,35
169970B4,39
3C3C8F7,26
1769DAD7,32
38900A41,55
2A2C5C67,32
228F004F,38
18016A42,37
1272BD43,49
6C24264,36
2061C64,38
10CF94E6,32
1BFBCEFB,50
2E7BEB58,44
2FB8C2F9,24
3B3E8268,44
F950714,43
2DC7008,28
518FFBE,22
33A7713B,42
3938B4B4,47
36F71D7B,27
27D540B7,45
F92328D,51
2F71DC3A,52
1FCDE80B,27
2A19FB07,45
2DBA488D,22
148EBDBC,31
6744F03,27
60A2ECD,36
2A34B4F2,53
2AEB9653,20
3169733A,42
1727BE8B,26
314E2CB7,50
2532DC8C,42
2FC9B37F,31
1B915C72,28
3736C070,20
17626E57,45
BDD1B0,47
2C9D44F7,52
2FF0239,21
1E14A61F,20
25BF90CD,35
256D74CD,54
2AB07973,23
2E3B19E7,33
25B6E82D,36
38B0EAAD,55
1B02A901,53
1F471414,43
5180E16,45
3854997F,40
3B56F764,47
84FA156,43
7489574,25
1761DDE6,37
2BD7A4,39
182E4ED9,47
22EFE04B,31
B48B84,31
1DADAAE7,55
1AB50C54,25
D981702,34
390ACED7,49
330BD721,53
2C764FD,20
2CE69C8,30
584F14B,27
1366F192,55
201B9055,48
12FD1002,43
1345912D,53
245ACFC7,44
1512C95A,21
172F9FC2,51
15B641C7,32
19C4A537,44
B036CDE,46
36D136F3,25
35E3B25,29
13E26C58,48
16E0DA71,21
B8D978F,41
2DD33BBE,27
8E17631,39
B836DB9,46
2E9A860B,31
33B45FB4,35
227868A9,55
25D6EB26,42
2FDFAA35,32
217A1B6F,51
10506062,26
2FBC8DA8,26
33E17BFC,25
2A1AB2AA,44
3B90585F,22
34B754E3,33
22529B08,22
B999DE2,30
59A2C9,46
2B9390E1,37
2A505E67,54
1BE4D02E,28
11C5F00D,53
2E6C6F60,35
39D656ED,41
18040B26,21
3C19E40,28
20F0103B,53
1C197438,54
1B34D433,46
F21EA6F,23
2BFA6950,41
1F23BB58,21
3488D8E8,31
24E4CC72,23
1B1B57B9,52
12312DD9,47
250EB59D,35
17C7366C,35
2EB07187,29
1008BA98,40
B022F71,21
2B82B9CB,49
2E336EE0,43
157F38C8,34
27AA1B9E,20
81E408C,46
717D4E6,45
252971A4,32
226D8E92,43
1576A949,21
320A5CF1,34
32151186,22
103EFA9D,24
25923815,52
1C98738B,37
35385D9F,53
2D2C9865,26
503523B,39
1CAEEC47,22
126ACF11,42
196419AD,51
452924B,20
E21CC76,49
26E74DC0,32
965BD16,47
201173E6,26
27DE5B8F,35
DAD6F72,33
19F368E3,49
13499803,50
1C2AE064,34
2B9DB32F,42
E6AD830,45
27B3334B,20
27AFB329,32
1238D0A8,27
229333A8,53
2F6A689C,37
35A8293C,52
CA9D3BC,47
3A566109,25
23A87EE7,46
D683EBF,44
255AF334,49
2AB62406,53
2CF1645B,48
DBC51AE,21
1CEE11CE,22
2FA43312,42
33E9AA50,35
16A43E17,41
218DE8B9,25
36A5FC9F,46
20F76A6A,44
2E43D17E,26
2E097EC8,41
37B153BF,23
18B4350A,48
F62330E,23
33C4C7C0,28
5BFED18,54
2828AEC3,43
1D45779C,45
1388A512,24
11467D59,45
2D129C00,44
BD6E93C,20
22AACC5B,41
4284AD6,41
2092F3FE,48
4ED966,26
140FBB,37
C6CA8B8,28
CE9E489,27
1608F729,30
163E64D,49
1813A626,35
152B46FF,53
3403ADF5,32
86FCA01,21
2BDBB093,37
F8023B4,35
761C522,21
31622151,53
23789885,54
1F2607FE,41
2AB2914,45
18AC2B4B,29
EB82BA4,55
14226B68,27
23606DD3,35
DFD5702,49
B7BF6B2,29
223195DD,36
359281D8,50
2C8ABAFC,51
2536BE5C,25
17433EDB,55
2FF6CEC4,34
3B36B9FA,39
2F66B589,33
23D7AAE7,20
201FDC72,32
2B89D858,30
15B29E82,23
6D9B874,27
1425B399,35
18066BCE,34
A92D846,41
D0B15C5,41
1C3B081D,25
2823ACA0,24
149E92F7,20
254A94AA,35
214BE231,24
AB97C4B,30
A11DAD3,39
359A4256,36
23C93A41,36
31BBBC50,38
D71B6DE,25
3A8DA4F2,20
10DB1BC,22
C2A600,28
27533A35,53
35428EFB,30
24B74AF7,40
1D20A942,54
39745585,37
14500D35,55
F1E54ED,55
164188B,45
2BE33480,24
2D6FF983,53
F21C09,36
2797FC64,45
32DE6583,38
293E3F53,31
1086AF0F,38
32C4FF2B,49
1249444F,49
3B55150D,45
373D4116,42
1ECEC745,21
1CC83294,37
36DA9D80,23
37F550B3,33
11F7D29D,20
F9E8241,43
7387B25,53
D1E74A9,46
11856C86,37
71DF1FB,48
25B8D565,31
23CDD2A8,23
2A834F24,26
22EAAE2F,51
15422E1B,22
24575A2A,26
20622D32,31
19A7BFA7,26
AE6DA99,28
360F290C,40
3B7FF5D4,51
39BBE039,29
2EF057D2,55
7E3C464,52
14E2A038,24
53B57A7,25
20450972,27
16E36B69,28
31671530,22
6178FEB,30
1F53109B,30
25503927,24
245D88F7,28
148E21D4,23
9651210,26
21BAE7C,26
27CFC589,20
18861847,20
37B15B9F,30
29475B95,20
1176C301,20
21ACDA95,27
22483D16,26
1C907AB8,27
2995085C,30
C6D2846,26
22959568,26
2CF8B502,23
1E5DE635,21
251F6363,23
3571E9C0,25
8E280F9,22
1CF79FF2,25
36075517,28
2A733198,26
DB39264,20
1CCF3FBF,23
17334E0E,24
1AA8589A,30
24F16000,27
1297D0F5,21
244733F1,27
305E571C,27
1E146E75,22
27768253,27
262169C5,27
114A3B39,27
33485106,27
11D12906,20
874C9A,24
28DAF76E,29
1C61915F,28
379E2754,26
17F1EA1D,27
237A6F86,30
1925B22C,21
20752193,26
2CE62157,28
34D32759,26
103F612F,25
22A95C72,25
F18F704,25
2E9C537,27
1C5680FE,26
1A7B3721,26
1AF9127B,26
31467C35,26
25026E3C,29
999227,20
235B6270,30
280F52F2,22
18818325,21
2D52D10F,26
29D93D54,27
1C595435,20
280C31FA,21
14E820E,22
144A193F,25
1089FCF6,25
B63CDE6,22
2D55FD15,28
1F611158,24
15B9292D,24
22FF94A2,29
120C8650,22
10588DA,28
1F71C97,24
1E2FA29D,25
1D0E756C,25
1CA6C3D9,23
F444481,30
2F936B1,22
32FE060C,26
E5CAA38,29
27E0B96E,29
1187B358,27
CAB421E,23
295C4946,28
417EE71,25
1C3C2EC4,21
225F90D4,24
693287,22
3718BF40,23
2C6D0984,22
943CADB,29
8501BEB,26
39B14A8,27
28CC59,25
4B3FC23,25
3FADB17,26
2AF907CD,29
226F31C8,26
199E215,27
30074A6D,25
2C64805E,23
152BE90D,21
102FC773,25
26223E69,20
46BE086,26
3AECAB5D,20
28324F99,23
10856F5A,26
F72CF63,28
D0BFB77,30
104EDBC7,22
64C666F,21
2B468D17,24
A9FF762,28
168E20E8,26
1ACAD808,29
27C53FB6,27
2E2E356D,21
296394F3,21
17A6A6F3,22
24A103AC,27
FC2A677,24
1875A78D,26
2525AD02,30
7C77DDD,22
31FDD66C,23
D53487D,30
26514935,20
308F92E9,30
D98F73A,27
1312E38E,27
123FEDC4,29
33B9816C,20
7DD3293,21
1606F1C4,26
1F11105E,22
12AE14F3,23
9345571,30
2385E2EF,22
23F94951,30
3B3572DC,27
16AAE594,25
C06CB9,27
C3AAA94,25
37F00BA3,25
3782DCC3,25
1F56E9E9,22
FBA571F,24
2BE4E639,28
810820C,23
D35281,25
102C9B10,29
78A665C,23
2BF34FFE,30
24958B97,27
1D89FA92,26
1AF671DD,23
3544BB2,30
2419DBF1,22
7F7E75,24
83DBFC,28
2C866828,30
29B3D7D8,20
36883769,20
22385F02,30
12B510DE,27
30CE1734,26
22ED0EB8,29
FD36594,27
2C138640,21
261789FA,20
31553493,27
1153B3E1,27
35C86BC,26
31485211,29
2155F908,30
3432C9DE,21
469D8C0,24
2008D72D,28
A1D7D69,29
16D9376,29
56747BB,20
239C2664,29
642AACF,22
8F897D0,20
3E3AB05,29
185574EF,30
3A189875,25
2136AC3,20
1334D812,28
145A8C98,29
395A11D1,25
30DAAC69,24
2746479D,23
770479F,26
2BB845C0,28
1551EE88,20
FB07696,30
3EDE744,26
66A3F15,27
356BDDD0,24
826A919,23
2C3C9135,28
3493918F,21
28384E,24
1063FAFB,25
3927888C,30
115E26D3,21
11674E59,25
12A1C0BF,27
184FBA47,20
2AFD68FF,30
2160108D,20
364C45C9,28
2D9DACCA,23
250CCB2D,21
9E7F433,25
1F3025F9,26
1DE59D5D,29
2738603D,20
21E5848C,23
24433510,21
F86447C,29
70DAEC3,29
235517E9,30
2EC4DABF,25
25F501E9,23
1504700B,29
312F180C,30
3067FD41,28
E708E0E,21
16B1078D,30
122F3EB2,28
2E52C07B,20
6039971,27
31C49845,26
3010EA80,26
301A3F66,22
3B247147,21
1CBE2FB9,20
FEE620A,23
25656E9C,21
6408AA,29
3812AD61,22
52A8C34,23
1A965C15,30
2AE009D4,27
36D4D779,28
2CF7EB6F,26
21E2F385,23
26606B37,28
1D1A6E35,30
339A9749,23
11DBF59C,29
2FBBFBE1,23
12E79130,22
DFBDF16,22
4CD2BCD,22
1B0F217F,26
1438626E,21
21B76D04,30
1CF65333,24
16456D69,22
12C780EF,30
350C5218,30
201B5227,25
9E40797,25
1797EE85,28
23ADFEDA,25
1387378E,24
1D354BE3,28
37ECECFC,22
2469103F,20
C882F9D,28
1DFFCB72,29
1EEA4C41,25
53C6CF0,29
19D3E019,27
5747671,21
D0CD1AD,20
288138B6,30
11470AAD,30
2AEEF11E,25
570B6CA,29
2E15C7E3,24
98453D,21
4CA33AD,25
1E5EBD65,29
249B3DD9,27
AEA5FBF,25
89D79BC,25
32C7AB5F,28
1C1E9399,23
358B60D1,26
2B854D2D,23
33CAFD26,23
34A427F9,23
2D5E88A6,29
306D90E0,21
2169EE5A,29
2467AF80,27
300A843F,28
3AFDB1BC,23
74EB484,28
8EF4D86,30
2CBC17D6,30
29DB671,20
374E77C6,20
379D8189,22
D860D0F,29
2052C5EE,25
18C02ED8,24
21827597,21
203DF735,27
13FAEAC2,30
18028E1D,24
1B2A9659,28
220C9FFC,22
F3F043E,28
24C669BD,30
264E5840,24
37DE495D,25
18C91273,26
1E5B2774,27
17F3BB20,29
2B4CE0A9,27
382F060,23
9BCFBBE,27
2AC50B7B,20
32641622,30
3B98BCE4,20
36ED0D17,28
9F9F5DC,30
2837C916,30
1AEEDF9F,29
A2224EB,26
1CB94B51,24
2B1F305E,25
1DC661FD,24
2F451593,20
3B0BB1C7,28
39920906,25
9DDF297,26
317F7BF2,22
681FDA8,26
23BE43AA,25
71CE5C9,20
25C87F1D,20
30B60A11,21
3A2CCC57,26
37161527,21
330889CA,49
1AC4419E,43
3ED463F,31
141B0234,49
20665BD3,26
21AF0E3C,42
1E206338,32
27A2B91E,31
30EBB237,22
493CE91,38
249E23A5,46
19206248,33
14C34279,27
2FC3B68F,46
11F4D9FE,50
1B0AED8F,31
F28942C,55
1499D362,22
394A243B,40
2F6973E0,23
28E086E2,38
39FC9DE9,38
36360A97,47
27D9B886,34
1E039A2A,44
3A50CFD6,33
D87AAD3,37
377FF940,52
6423053,22
13FB7349,21
7FC809F,40
39FA882E,34
1ACF9B51,53
220CD212,30
1CF99E9D,29
29C65CB1,27
3B95D245,49
38E2A6B4,28
104D3A10,44
13A29EFA,25
1BDC97DB,27
5199D8C,39
2E242506,46
19A9E933,40
3380EE9D,46
264BCFBA,20
2CE0AC1C,54
14608B65,35
1CFC45FA,50
3424B614,27
2EAC6EED,54
2DEC9F0F,52
24F99F02,53
C9325B1,27
22791D11,47
2758E19B,26
247A7BA6,24
172C8B95,55
1B0D19BD,47
1EB7FCA6,40
6AB5EEA,25
5AC80A9,22
13F09B3E,23
22F8BF74,38
2C26C5D,25
23348A27,38
154F69C2,35
1251AA9,35
924719E,38
10FDAD0,48
31B4250E,22
2C2555BA,29
268731A4,36
3882A39A,54
14DB602F,23
1F2C7DCA,39
1213F002,53
19014584,20
D312DEE,21
2DA4DDE2,28
4B2962,31
29274BDC,36
3599616D,24
1C97A4CB,42
1338229F,25
26EA1962,47
2A4AC65D,24
14E926ED,38
2D6085D9,29
361CF0AD,39
15B2CE5F,25
1EE78D72,32
118D36D6,38
11F38C7F,40
268229DF,35
1F7C4F96,24
1916618D,40
20528484,24
A7A7271,39
14218A1A,25
20DEC9F2,38
17275B34,40
36649F15,28
2AB20162,31
13A73C08,26
2137F9E2,27
2E3B8447,28
3B4DB15E,38
CB6FCDC,20
2ADC98B0,34
1C94783A,33
82F4C12,50
2022438F,38
1224D28F,46
2F123FEA,50
324E1441,43
2954E585,26
E544E0A,45
13A8292D,40
33B4769B,54
83D30C7,37
115FC44A,41
7235321,41
31F7C267,40
122AEF12,26
6DC73A9,49
2964C53F,35
38AD5445,52
12FDB954,49
3A3DB970,47
464FAB5,32
15726E62,41
30EBD70E,43
28BE84C7,47
16C2D0F2,25
FD35841,46
219F1F1E,22
3B8C788E,44
2050880,54
1333F59C,50
92E1FFB,43
29FD6611,45
9F747B7,36
3828F54E,21
1A73B459,47
1158B1DA,55
2795B70A,51
C328983,42
3B14659D,38
8E86E90,27
36A55341,20
3B285A29,34
EA3B5D3,26
482E3D1,36
464E359,25
2AAFDF8,55
233228B6,35
A964EC2,49
1F56E601,22
228DD5F8,26
1E581FD7,22
2804007,42
294567F5,50
2A28C881,39
5A88C6A,23
6178D14,26
29F5E590,43
CACD9D7,55
362D796F,31
9D1DDA6,36
357C6A08,47
34103139,23
21999522,20
1444C598,27
28D41F65,40
428931E,53
3A82700C,35
16457B5F,33
1596A4,35
EBDEA7D,30
1CD0E367,34
2E8A648C,53
36C97AFF,26
F7AA880,54
9C4465D,26
3730136B,40
1F35DB64,47
244A23A9,29
1FF5678E,39
1A5EBD2E,36
2AEB5745,34
22B71427,33
30B04034,33
10810862,30
8608F6A,21
2AFB509C,51
4B72674,38
3F242FE,45
7577C6E,50
27FFC125,37
26DF7F98,32
1746E431,48
1B232CD1,21
A1685F2,28
1C956B0A,23
19FFB9DF,22
11555F37,25
24F8AFBA,32
19296F43,40
F175A0A,29
3264D120,20
339C055,33
1B69F54A,52
173E32A9,53
16B3ED7F,53
2279FB16,39
21A6A195,20
1BA27961,26
30CE3C6F,20
36BC2BAF,37
229B5AAE,40
45451F2,27
2F9F468D,38
1CD0DCC4,24
3565D140,44
F874960,42
2AB11B64,51
302BAAEA,24
25D999D6,34
1AA3A5B2,46
9ACB54B,36
1E861F85,38
684138A,31
2EE69297,29
31B2BC31,42
858950C,47
37A0A31A,22
35A39C08,28
32005390,28
2E7E2E65,31
1351905D,51
37751438,45
26C2EE87,25
20724F0D,46
1029FC6,28
6526D65,22
265F7284,31
241F21FE,47
FFA8A5F,28
24B2E03D,50
3700D2A2,44
33AFA63A,23
1CE1F653,51
1E6E616F,36
19034058,22
1B21FBCE,36
2DEFA40B,38
2F9C90A2,45
16BD3D76,32
191D40A2,35
1901A43A,34
249DA9C8,44
3D37D85,53
3B21C9D5,23
102ABE60,48
C68E893,40
12899179,20
2B820DDD,23
20D7DF7C,54
16C3396E,31
281284C2,53
52DDC7F,50
1FF41476,32
5429C2C,25
EBDEE,20
E080E03,54
37D1B42E,29
1E15BFA1,45
21CBAD0E,55
DB17A82,20
27694262,20
1C15CDA1,37
10AB9AFC,25
583E649,44
2C034FC9,21
284C930C,28
D40BD50,41
2EC08420,54
2ECD6129,43
1757109C,50
320F9D72,25
2674EBE6,22
57FEA77,45
3881E550,47
1DBE1FF7,47
153641C4,25
3125898D,27
2E60E98E,51
1078F17D,36
1295C349,33
28354BB8,39
16DDF1A8,40
2A8E7F90,26
1EABA3DE,43
201F270E,47
20E428CC,21
69989AB,39
48B9C9B,48
3999743F,50
2535B3C5,46
37D583FE,49
2455C06,53
3F0BBBE,33
25BDF11E,21
1BE7EA89,45
A71B8EA,34
3A6B8528,41
539D303,44
2501769A,23
2EF17CC3,53
27490914,32
2D4C0C6F,33
1C0D4A72,55
118A9ADE,34
2B146FCD,54
351E02CE,49
311DBC84,48
245E931A,37
2C50A4BF,55
2AD58498,22
1A42A971,37
1A9E58A1,47
355E981C,50
284FACC4,41
3745180,33
F429D34,37
15AD614F,38
2C3767A8,24
340C62,24
36F6DCA0,23
39C61CC3,55
281C0B1F,24
19E2024A,50
273A7DBF,35
1F6CCDED,22
291D41B4,48
12FA7697,48
C348799,45
A0847A5,21
2128FC02,24
2EEEB8EB,47
34F54BA9,27
A6EFD92,53
13BB50BB,52
19089F8E,26
C8C916D,27
161AFA5A,47
3AC0EACA,50
14DF93FF,31
3812D07E,31
401D5FC,25
2209DFDE,24
B6358B2,22
AC3F841,45
313985FA,54
13942D,53
FC3A2CC,46
3B55083D,30
1A23AE27,46
23CD5A2B,51
